鄉鎮市區,交易標的,土地區段位置或建物區門牌,土地移轉總面積平方公尺,都市土地使用分區,非都市土地使用分區,非都市土地使用編定,交易年月,交易筆棟數,移轉層次,總樓層數,建物型態,主要用途,主要建材,建築完成年月,建物移轉總面積平方公尺,建物現況格局-房,建物現況格局-廳,建物現況格局-衛,建物現況格局-隔間,有無管理組織,總價元,單價每平方公尺,車位類別,車位移轉總面積平方公尺,車位總價元
中正區,車位,基隆市中正區觀海街121~150號,0.0,,,,10304,土地0建物0車位1,,,其他,,,,41.38,0,0,0,有,有,480000,,坡道平面,41.38,480000
信義區,房地(土地+建物),基隆市信義區正信路227巷23弄1~30號,25.84,住,,,10303,土地6建物1車位0,一層,006,華廈(10層含以下有電梯),住家用,鋼筋混凝土造,0860607,104.49,2,1,1,有,有,3150000,30146,,0.0,0
中正區,房地(土地+建物)+車位,基隆市中正區新豐街331~360號,20.37,住,,,10304,土地2建物1車位1,十一層,015,住宅大樓(11層含以上有電梯),住家用,鋼筋混凝土造,0850309,150.88,3,2,2,有,有,4650000,30819,坡道平面,0.0,0
中正區,房地(土地+建物),基隆市中正區北寧路271~300號,21.59,住,,,10303,土地1建物1車位0,五層，夾層,005,公寓(5樓含以下無電梯),住家用,鋼筋混凝土造,0830607,92.47999999999999,3,1,2,有,無,2200000,23789,,0.0,0
仁愛區,土地,成功段151~180地號,11.0,商,,,10304,土地2建物0車位0,,,其他,,,,0.0,0,0,0,有,無,2905000,264091,,0.0,0
信義區,房地(土地+建物),基隆市信義區月眉路92巷31~60號,74.5,住,,,10303,土地2建物1車位0,二層,002,公寓(5樓含以下無電梯),住家用,加強磚造,0640604,83.55,5,2,2,有,無,1400000,16756,,0.0,0
中正區,土地,港灣段二小段31~60地號,128.0,住,,,10304,土地2建物0車位0,,,其他,,,,0.0,0,0,0,有,無,1500000,11719,,0.0,0
仁愛區,房地(土地+建物),基隆市仁愛區仁一路241~270號,3.18,商,,,10304,土地2建物1車位0,十九層,031,套房(1房1廳1衛),住家用,鋼骨鋼筋混凝土造,0970204,57.75,1,1,1,有,有,5300000,91775,,0.0,0
中正區,房地(土地+建物),基隆市中正區新豐街331~360號,11.88,住,,,10304,土地2建物1車位0,二層,015,住宅大樓(11層含以上有電梯),住家用,鋼筋混凝土造,0850309,64.42,2,1,1,有,有,2200000,34151,,0.0,0
中正區,房地(土地+建物),基隆市中正區豐稔街61~90號,19.2,住,,,10304,土地2建物1車位0,四層,005,公寓(5樓含以下無電梯),住家用,鋼筋混凝土造,0780411,71.51,2,1,1,有,無,1880000,26290,,0.0,0
中正區,房地(土地+建物),基隆市中正區正義路29巷1~30號,10.33,商,,,10304,土地2建物1車位0,四層,007,華廈(10層含以下有電梯),見其他登記事項,鋼筋混凝土造,0850926,70.17,2,1,1,有,有,3600000,51304,,0.0,0
信義區,房地(土地+建物)+車位,基隆市信義區義六路1~30號,34.3,住,,,10304,土地2建物1車位2,十三層,018,住宅大樓(11層含以上有電梯),住家用,鋼筋混凝土造,1020722,218.91,4,2,2,有,有,20600000,94098,坡道機械,0.0,0
中正區,房地(土地+建物),基隆市中正區觀海街121~150號,16.76,住,,,10304,土地2建物1車位0,十三層,016,住宅大樓(11層含以上有電梯),住家用,鋼筋混凝土造,0880114,84.79,2,1,2,有,有,2100000,24767,,0.0,0
仁愛區,房地(土地+建物),基隆市仁愛區仁一路241~270號,3.21,商,,,10304,土地2建物1車位0,十五層,031,套房(1房1廳1衛),住家用,鋼骨鋼筋混凝土造,0970204,58.22,1,1,1,有,有,5000000,85881,,0.0,0
仁愛區,車位,基隆市仁愛區仁一路241~270號,0.4,商,,,10108,土地0建物0車位2,一層,025,其他,見其他登記事項,鋼筋混凝土造,0980625,29.56,0,0,0,有,有,700000,,坡道機械,10.71,700000
安樂區,房地(土地+建物)+車位,基隆市安樂區武嶺街61~90號,31.05,住,,,10303,土地4建物1車位1,四層,007,華廈(10層含以下有電梯),住家用,鋼筋混凝土造,0850830,166.95,3,2,2,有,有,5600000,33543,坡道平面,0.0,0
暖暖區,房地(土地+建物),基隆市暖暖區源遠路193巷1~30號,17.6,住,,,10303,土地1建物1車位0,四層,007,華廈(10層含以下有電梯),住家用,鋼筋混凝土造,0880206,77.6,2,1,1,有,有,2750000,35438,,0.0,0
暖暖區,房地(土地+建物)+車位,基隆市暖暖區暖暖街241~270號,30.05,住,,,10303,土地1建物1車位1,五層,007,華廈(10層含以下有電梯),住家用,鋼筋混凝土造,0830419,122.43,2,2,1,有,有,4150000,33897,坡道平面,0.0,0
七堵區,房地(土地+建物),基隆市七堵區長安街255巷1~30號,90.46,,鄉村區,乙種建築用地,10303,土地1建物1車位0,全,002,透天厝,住家用,鋼筋混凝土造,0710223,101.48,3,2,2,有,無,4380000,43161,,0.0,0
安樂區,房地(土地+建物),基隆市安樂區中平街91~120號,30.0,住,,,10304,土地5建物1車位0,一層,004,公寓(5樓含以下無電梯),住商用,鋼筋混凝土造,0701228,68.31,3,1,1,有,無,700000,10247,,0.0,0
七堵區,房地(土地+建物)+車位,基隆市七堵區工建路61~90號,12.48,商,,,10303,土地1建物1車位2,二層,015,住宅大樓(11層含以上有電梯),見其他登記事項,鋼筋混凝土造,1020417,158.85,2,2,1,有,有,6700000,48888,升降機械,36.12,700000
暖暖區,房地(土地+建物)+車位,基隆市暖暖區暖暖里暖暖街281巷1~30號,43.13,住,,,10209,土地1建物1車位1,七層,014,住宅大樓(11層含以上有電梯),見其他登記事項,鋼筋混凝土造,1021204,220.37,4,2,2,有,有,11750000,56809,坡道平面,34.66,1200000
暖暖區,房地(土地+建物)+車位,基隆市暖暖區暖暖里暖暖街281巷1~30號,43.16,住,,,10302,土地1建物1車位2,十二層,014,住宅大樓(11層含以上有電梯),見其他登記事項,鋼筋混凝土造,1021204,255.03000000000003,4,2,2,有,有,13400000,58694,坡道平面,69.32,2500000
暖暖區,房地(土地+建物)+車位,基隆市暖暖區暖暖里暖暖街281巷1~30號,43.13,住,,,10302,土地1建物1車位1,十三層,014,住宅大樓(11層含以上有電梯),見其他登記事項,鋼筋混凝土造,1021204,220.37,4,2,2,有,有,12380000,60201,坡道平面,34.66,1200000
暖暖區,房地(土地+建物)+車位,基隆市暖暖區暖暖里暖暖街281巷1~30號,43.13,住,,,10303,土地1建物1車位1,四層,014,住宅大樓(11層含以上有電梯),見其他登記事項,鋼筋混凝土造,1021204,220.37,4,2,2,有,有,13100000,63540,坡道平面,34.66,1300000
七堵區,土地,溪頭段421~450地號,761.6,住,,,10304,土地1建物0車位0,,,其他,,,,0.0,0,0,0,有,無,41477400,54461,,0.0,0
暖暖區,房地(土地+建物),基隆市暖暖區八堵路31巷1~30號,35.24,住,,,10304,土地1建物1車位0,一層,005,公寓(5樓含以下無電梯),商業用,鋼筋混凝土造,0780321,109.75,3,2,2,有,無,3150000,28702,,0.0,0
七堵區,房地(土地+建物),基隆市七堵區東新街37巷1~30號,40.25,住,,,10304,土地2建物1車位0,二層,004,公寓(5樓含以下無電梯),住家用,鋼筋混凝土加強磚造,0670615,67.2,2,2,1,有,無,3000000,44643,,0.0,0
暖暖區,房地(土地+建物),基隆市暖暖區東勢街26巷31~60號,47.07,住,,,10303,土地1建物1車位0,一層，二層,004,公寓(5樓含以下無電梯),國民住宅,鋼筋混凝土造,0710524,92.84,3,1,2,有,無,2300000,24774,,0.0,0
安樂區,房地(土地+建物),基隆市安樂區武聖街61~90號,46.0,住,,,10303,土地1建物2車位0,二層,005,公寓(5樓含以下無電梯),住家用,鋼筋混凝土造,0790424,197.06,2,3,2,有,無,5000000,25373,,0.0,0
暖暖區,房地(土地+建物)+車位,基隆市暖暖區碇內街121~150號,29.5,住,,,10303,土地1建物1車位1,四層,012,住宅大樓(11層含以上有電梯),住家用,鋼筋混凝土造,0980624,164.92000000000002,3,2,2,有,有,7500000,45477,坡道平面,28.62,0
暖暖區,房地(土地+建物),基隆市暖暖區暖暖街530巷31~60號,38.67,商,,,10304,土地1建物1車位0,一層,009,華廈(10層含以下有電梯),商業用,鋼筋混凝土造,0831118,171.85000000000002,4,2,3,有,無,4185737,24357,,0.0,0
七堵區,房地(土地+建物),基隆市七堵區大華一路57巷1~30號,33.61,住,,,10304,土地1建物1車位0,二層,004,公寓(5樓含以下無電梯),住家用,鋼筋混凝土造,0720124,95.65,3,1,2,有,無,3100000,32410,,0.0,0
安樂區,房地(土地+建物),基隆市安樂區基金一路61~90號,27.08,住,,,10304,土地1建物1車位0,二層,003,公寓(5樓含以下無電梯),住家用,鋼筋混凝土造,0701231,77.99,3,1,1,有,無,1350000,17310,,0.0,0
七堵區,土地,長安段91~120地號,24.43,,鄉村區,乙種建築用地,10303,土地1建物0車位0,,,其他,,,,0.0,0,0,0,有,無,420000,17192,,0.0,0
安樂區,房地(土地+建物)+車位,基隆市安樂區基金三路46巷1~30號,16.67,住,,,10304,土地2建物1車位1,六層,012,住宅大樓(11層含以上有電梯),住家用,鋼筋混凝土造,0840701,111.19999999999999,3,2,2,有,有,2900000,26079,坡道機械,0.0,0
暖暖區,房地(土地+建物),基隆市暖暖區八堵路20巷31~60號,43.87,住,,,10303,土地2建物1車位0,地下一層,005,公寓(5樓含以下無電梯),見其他登記事項,鋼筋混凝土造,0901004,312.21,0,0,0,無,有,3000000,9609,,0.0,0
七堵區,房地(土地+建物),基隆市七堵區崇孝街31~60號,29.21,住,,,10303,土地1建物1車位0,三層,004,公寓(5樓含以下無電梯),住家用,鋼筋混凝土造,0780203,88.24,3,2,1,有,無,1700000,19266,,0.0,0
中正區,房地(土地+建物),基隆市中正區正義路100巷61~90號,26.0,住,,,10304,土地1建物1車位0,二層,002,公寓(5樓含以下無電梯),住家用,加強磚造,0580806,45.33,2,1,1,有,無,500000,11030,,0.0,0
信義區,房地(土地+建物),基隆市信義區崇法街67巷1~30號,60.17,住,,,10303,土地3建物1車位0,二層,004,公寓(5樓含以下無電梯),住家用,加強磚造,0570125,58.83,2,2,1,有,無,1300000,22098,,0.0,0
安樂區,房地(土地+建物),基隆市安樂區武嶺街301~330號,6.67,住,,,10304,土地1建物1車位0,六層,007,套房(1房1廳1衛),住家用,鋼筋混凝土造,0850118,30.89,1,1,1,有,有,1200000,38848,,0.0,0
安樂區,房地(土地+建物),基隆市中山區中和路85巷1~30號,17.49,其他,,,10303,土地6建物1車位0,七層,011,住宅大樓(11層含以上有電梯),住家用,鋼筋混凝土造,0860508,65.69,4,2,2,有,有,2900000,44147,,0.0,0
安樂區,房地(土地+建物),基隆市安樂區基金一路135巷21弄31~60號,28.14,住,,,10304,土地33建物1車位0,一層,007,華廈(10層含以下有電梯),住家用,鋼筋混凝土造,0820902,118.12,3,2,2,有,有,4500000,38097,,0.0,0
七堵區,房地(土地+建物),基隆市七堵區百一街121~150號,35.09,住,,,10304,土地1建物1車位0,一層，騎樓,004,店面(店鋪),商業用,鋼筋混凝土造,0680927,91.84,0,0,1,有,無,7800000,84930,,0.0,0
暖暖區,房地(土地+建物),基隆市暖暖區源遠路325巷61~90號,24.64,住,,,10304,土地1建物1車位0,五層,005,公寓(5樓含以下無電梯),住家用,鋼筋混凝土造,0710728,87.69,3,2,1,有,無,1800000,20527,,0.0,0
暖暖區,車位,基隆市暖暖區源遠路193巷1~30號,1.56,住,,,10304,土地0建物0車位1,,,其他,,,,19.01,0,0,0,有,有,120000,,升降機械,19.01,120000
中山區,房地(土地+建物),基隆市中山區通明街31~60號,49.11,住,,,10303,土地5建物2車位0,地下層,005,公寓(5樓含以下無電梯),商業用,鋼筋混凝土造,0820120,161.81,4,4,2,有,無,2300000,14214,,0.0,0
仁愛區,房地(土地+建物),基隆市仁愛區南榮路421~450號,59.0,住,,,10304,土地1建物1車位0,一層，騎樓,001,店面(店鋪),住家用,磚造,0460101,83.05,2,1,3,有,無,10000000,120409,,0.0,0
仁愛區,房地(土地+建物),基隆市仁愛區南榮路269巷1~30號,48.5,住,,,10304,土地1建物1車位0,二層,002,公寓(5樓含以下無電梯),,加強磚造,,61.83,2,1,1,有,無,1500000,24260,,0.0,0
七堵區,房地(土地+建物),基隆市七堵區崇信街37巷1~30號,24.5,住,,,10304,土地1建物1車位0,二層,004,公寓(5樓含以下無電梯),住家用,鋼筋混凝土加強磚造,0630813,65.07,2,1,1,有,無,2700000,41494,,0.0,0
暖暖區,房地(土地+建物)+車位,基隆市暖暖區源遠路226巷61~90號,14.9,住,,,10304,土地1建物1車位1,二層,012,套房(1房1廳1衛),見其他登記事項,鋼筋混凝土造,1020329,113.64,1,1,1,有,有,5450000,47958,坡道平面,0.0,0
安樂區,房地(土地+建物),基隆市安樂區武聖街49巷91~120號,136.29,住,,,10304,土地2建物1車位0,全,003,透天厝,見其他登記事項,鋼筋混凝土造,1030127,192.81,5,2,3,有,無,7000000,36305,,0.0,0
暖暖區,房地(土地+建物),基隆市暖暖區東勢街26巷1~30號,36.56,住,,,10303,土地1建物1車位0,四層,004,公寓(5樓含以下無電梯),住家用,鋼筋混凝土造,0701106,87.53,4,3,2,有,無,2500000,28562,,0.0,0
安樂區,房地(土地+建物),基隆市安樂區安和一街2巷1~30號,25.15,商,,,10303,土地1建物1車位0,六層,008,華廈(10層含以下有電梯),住家用,鋼筋混凝土造,0690501,106.14,3,2,1,有,有,3000000,28265,,0.0,0
七堵區,房地(土地+建物)+車位,基隆市七堵區百六街107巷1~30號,40.77,住,,,10304,土地1建物1車位1,七層,008,華廈(10層含以下有電梯),住家用,鋼筋混凝土造,0970201,156.93,3,2,2,有,有,10600000,67546,坡道平面,0.0,0
安樂區,房地(土地+建物),基隆市安樂區樂利三街121~150號,29.52,住,,,10303,土地2建物1車位0,四層,005,公寓(5樓含以下無電梯),住家用,鋼筋混凝土造,0701229,87.85,3,1,2,有,無,2500000,28458,,0.0,0
七堵區,房地(土地+建物),基隆市七堵區明德二路1~30號,17.34,住,,,10303,土地1建物1車位0,六層,013,住宅大樓(11層含以上有電梯),見其他登記事項,鋼筋混凝土造,1010626,140.61,3,2,2,有,有,7650000,54406,,0.0,0
信義區,房地(土地+建物)+車位,基隆市信義區義六路1~30號,44.97,住,,,10304,土地1建物1車位3,十五層,024,住宅大樓(11層含以上有電梯),住家用,鋼筋混凝土造,1030314,332.22,4,2,3,有,有,24240000,79216,坡道平面,73.56,3750000
中正區,房地(土地+建物),基隆市中正區新豐街251巷1弄1~30號,73.14,住,,,10304,土地2建物1車位0,全,004,透天厝,住家用,鋼筋混凝土造,0880210,206.21,4,2,3,有,有,7980000,38698,,0.0,0
仁愛區,房地(土地+建物),基隆市仁愛區南榮路161巷31~60號,21.24,住,,,10304,土地1建物1車位0,一層,004,公寓(5樓含以下無電梯),住家用,鋼筋混凝土造,0750901,52.89,2,2,1,有,無,3200000,60503,,0.0,0
中正區,車位,基隆市中正區新豐街271~300號,0.0,,,,10304,土地0建物0車位1,,,其他,,,,36.84,0,0,0,有,有,360000,,坡道平面,36.84,360000
仁愛區,房地(土地+建物),基隆市仁愛區南新街31巷31~60號,27.67,住,,,10304,土地2建物1車位0,四層,005,公寓(5樓含以下無電梯),住家用,鋼筋混凝土造,0750612,93.37,3,1,2,有,無,1500000,16065,,0.0,0
信義區,房地(土地+建物),基隆市信義區義六路34巷31~60號,26.0,住,,,10304,土地1建物1車位0,一層,004,公寓(5樓含以下無電梯),住家用,加強磚造,0570216,61.26,2,2,2,有,無,3500000,57134,,0.0,0
中正區,房地(土地+建物),基隆市中正區武昌街104巷1~30號,50.0,住,,,10304,土地2建物1車位0,全,004,透天厝,住家用,鋼筋混凝土造,1020321,115.07,3,2,3,有,無,3300000,28678,,0.0,0
信義區,房地(土地+建物)+車位,基隆市信義區義六路1~30號,48.05,住,,,10304,土地1建物1車位2,十九層,024,住宅大樓(11層含以上有電梯),住家用,鋼筋混凝土造,1030314,333.06,4,2,3,有,有,24760000,78023,坡道平面,49.04,2600000
信義區,房地(土地+建物)+車位,基隆市信義區義六路1~30號,38.8,住,,,10304,土地1建物1車位2,四層,024,住宅大樓(11層含以上有電梯),住家用,鋼筋混凝土造,1030314,274.62,4,2,2,有,有,17900000,69155,坡道平面,49.04,2300000
信義區,房地(土地+建物)+車位,基隆市信義區義六路1~30號,37.91,住,,,10304,土地1建物1車位1,二十三層,024,住宅大樓(11層含以上有電梯),住家用,鋼筋混凝土造,1030314,247.01,4,2,2,有,有,19810000,82974,坡道平面,24.52,1350000
信義區,房地(土地+建物)+車位,基隆市信義區義六路1~30號,57.31,住,,,10304,土地1建物1車位2,十九層,024,住宅大樓(11層含以上有電梯),住家用,鋼筋混凝土造,1030314,384.84000000000003,4,2,4,有,有,28900000,78023,坡道平面,49.04,2700000
信義區,房地(土地+建物)+車位,基隆市信義區義六路1~30號,57.75,住,,,10304,土地1建物1車位3,八層,024,住宅大樓(11層含以上有電梯),住家用,鋼筋混凝土造,1030314,411.41999999999996,4,2,4,有,有,29200000,74735,坡道平面,73.56,3950000
信義區,房地(土地+建物)+車位,基隆市信義區義六路1~30號,57.31,住,,,10304,土地1建物1車位2,十五層,024,住宅大樓(11層含以上有電梯),住家用,鋼筋混凝土造,1030314,385.66,4,2,3,有,有,28420000,76407,坡道平面,49.04,2700000
中正區,建物,基隆市中正區中正路181~210號,0.0,,,,10303,土地0建物1車位0,二層,005,公寓(5樓含以下無電梯),住家用,鋼筋混凝土造,0750828,47.16,1,2,1,有,無,1000000,21204,,0.0,0
信義區,房地(土地+建物)+車位,基隆市信義區義六路1~30號,44.09,住,,,10304,土地1建物1車位2,十八層,024,住宅大樓(11層含以上有電梯),住家用,鋼筋混凝土造,1030314,306.4,4,2,3,有,有,23500000,81209,坡道平面,49.04,2600000
暖暖區,房地(土地+建物)+車位,基隆市暖暖區過港路10巷151~180號,16.36,住,,,10304,土地2建物1車位1,四層,011,住宅大樓(11層含以上有電梯),住家用,鋼筋混凝土造,0850319,88.28999999999999,4,2,1,有,有,2900000,32846,坡道平面,0.0,0
七堵區,土地,友蚋段樟空湖小段1~30地號,1155.0,,山坡地保育區,農牧用地,10304,土地4建物0車位0,,,其他,,,,0.0,0,0,0,有,無,1800000,1558,,0.0,0
七堵區,房地(土地+建物),基隆市七堵區福二街31~60號,31.3,住,,,10303,土地1建物1車位0,四層,004,公寓(5樓含以下無電梯),住家用,鋼筋混凝土造,0690112,92.48,3,2,1,有,無,3200000,34602,,0.0,0
暖暖區,房地(土地+建物),基隆市暖暖區暖暖街481~510號,31.0,住,,,10304,土地1建物1車位0,地下一層,005,公寓(5樓含以下無電梯),住家用,鋼筋混凝土造,0820318,104.09,0,0,0,無,無,1700000,16332,,0.0,0
七堵區,房地(土地+建物),基隆市七堵區永富路61~90號,20.11,住,,,10304,土地1建物1車位0,四層,005,公寓(5樓含以下無電梯),住家用,鋼筋混凝土造,0701007,63.06,2,1,1,有,無,3100000,49160,,0.0,0
中正區,房地(土地+建物)+車位,基隆市中正區義一路121~150號,13.16,商,,,10304,土地1建物1車位1,三層,014,住宅大樓(11層含以上有電梯),見其他登記事項,鋼筋混凝土造,0910712,181.28,0,0,0,無,有,12000000,70337,坡道平面,33.41,1600000
仁愛區,房地(土地+建物),基隆市仁愛區孝三路91~120號,25.31,商,,,10212,土地2建物1車位0,全,004,透天厝,住商用,加強磚造,0381006,91.97,10,2,5,有,無,5400000,58715,,0.0,0
仁愛區,土地,延年段751~780地號,36.0,商,,,10304,土地1建物0車位0,,,其他,,,,0.0,0,0,0,有,無,17748,493,,0.0,0
安樂區,房地(土地+建物),基隆市安樂區中和路200巷31~60號,103.23,住,,,10304,土地5建物1車位0,全,002,透天厝,住家用,鋼筋混凝土造,0720119,95.61,3,2,2,有,無,1850000,19349,,0.0,0
信義區,房地(土地+建物),基隆市信義區東信路180巷31~60號,24.3,住,,,10304,土地1建物1車位0,三層,005,公寓(5樓含以下無電梯),住家用,鋼筋混凝土加強磚造,0670708,72.44,2,2,1,有,無,2400000,33131,,0.0,0
安樂區,房地(土地+建物),基隆市安樂區基金三路31~60號,16.67,住,,,10303,土地2建物1車位0,十一層,012,住宅大樓(11層含以上有電梯),住家用,鋼筋混凝土造,0840701,91.80000000000001,2,2,2,有,有,3220000,35076,,0.0,0
暖暖區,房地(土地+建物),基隆市暖暖區碇內街211~240號,20.12,住,,,10304,土地1建物1車位0,六層,006,華廈(10層含以下有電梯),住家用,鋼筋混凝土造,0840808,93.67999999999999,3,2,1,有,有,1700000,18147,,0.0,0
七堵區,房地(土地+建物),基隆市七堵區泰安路61~90號,20.9,住,,,10304,土地1建物1車位0,一層,005,公寓(5樓含以下無電梯),住家用,鋼筋混凝土造,0800712,71.74,3,2,2,有,無,2200000,30666,,0.0,0
中正區,房地(土地+建物),基隆市中正區豐稔街8巷1~30號,30.0,商,,,10303,土地3建物1車位0,二層,004,公寓(5樓含以下無電梯),住家用,鋼筋混凝土造,0760119,104.01,3,2,2,有,無,3000000,28843,,0.0,0
中正區,房地(土地+建物),基隆市中正區新豐街303巷19弄1~30號,32.92,住,,,10304,土地4建物1車位0,一層,005,公寓(5樓含以下無電梯),商業用,鋼筋混凝土造,0851119,107.44999999999999,2,1,1,有,有,2800000,26059,,0.0,0
七堵區,房地(土地+建物),基隆市七堵區溪頭街1~30號,33.08,其他,,,10304,土地1建物1車位0,四層,005,公寓(5樓含以下無電梯),住家用,鋼筋混凝土造,0710521,107.88,3,2,2,有,無,3900000,36151,,0.0,0
安樂區,房地(土地+建物),基隆市中山區中和路168巷7弄1~30號,28.6,其他,,,10304,土地3建物2車位0,二層,005,公寓(5樓含以下無電梯),住家用,鋼筋混凝土造,0851202,121.88,3,1,1,有,有,3400000,27896,,0.0,0
七堵區,土地,溪頭段481~510地號,46.97,住,,,10304,土地26建物0車位0,,,其他,,,,0.0,0,0,0,有,無,2699520,57473,,0.0,0
七堵區,房地(土地+建物)+車位,基隆市七堵區泰和街31~60號,89.46,住,,,10303,土地1建物1車位1,全,004,透天厝,見其他登記事項,鋼筋混凝土造,1011106,244.01,4,2,2,有,有,11600000,47539,坡道平面,19.94,0
七堵區,房地(土地+建物)+車位,基隆市七堵區泰和街31~60號,89.46,住,,,10304,土地1建物1車位1,全,004,透天厝,見其他登記事項,鋼筋混凝土造,1011106,244.01,4,2,2,有,有,11700000,47949,坡道平面,19.94,0
安樂區,房地(土地+建物)+車位,基隆市安樂區安和二街31~60號,38.0,住,,,10304,土地1建物1車位1,二層,010,華廈(10層含以下有電梯),見其他登記事項,鋼筋混凝土造,1020524,262.17,4,2,3,有,有,14000000,53400,升降機械,0.0,0
安樂區,房地(土地+建物),基隆市安樂區麥金路781~810號,17.9,其他,,,10304,土地3建物2車位0,九層,012,住宅大樓(11層含以上有電梯),住家用,鋼筋混凝土造,0840622,140.4,3,2,2,有,有,3850000,27424,,0.0,0
暖暖區,房地(土地+建物),基隆市暖暖區源遠路271~300號,13.0,住,,,10304,土地1建物1車位0,一層,009,店面(店鋪),商業用,鋼筋混凝土造,0861216,73.41,3,1,2,有,有,6100000,83095,,0.0,0
安樂區,房地(土地+建物),基隆市安樂區基金一路121巷31~60號,28.94,住,,,10304,土地1建物1車位0,一層,005,公寓(5樓含以下無電梯),住家用,鋼筋混凝土造,0850503,80.22,3,2,2,有,有,2850000,35527,,0.0,0
安樂區,房地(土地+建物),基隆市安樂區中和路121~150號,109.74,住,,,10304,土地1建物1車位0,全,003,透天厝,住家用,鋼筋混凝土造,0790809,209.89,5,2,3,有,有,7150000,34065,,0.0,0
七堵區,房地(土地+建物),基隆市七堵區六堵一街181~210號,113.85,其他,,,10304,土地8建物1車位0,全,005,透天厝,見其他登記事項,鋼筋混凝土造,0970708,301.16,3,3,4,有,有,12600000,41838,,0.0,0
中山區,房地(土地+建物),基隆市中山區西定路61~90號,3.12,其他,,,10304,土地2建物1車位0,一層，騎樓,005,公寓(5樓含以下無電梯),商業用,鋼筋混凝土造,0730306,12.6,0,0,1,無,無,750000,59524,,0.0,0
暖暖區,房地(土地+建物)+車位,基隆市暖暖區過港路10巷151~180號,9.23,住,,,10304,土地2建物1車位1,三層,011,套房(1房1廳1衛),住家用,鋼筋混凝土造,0850319,53.97,1,1,1,有,有,1150000,21308,坡道機械,0.0,0
仁愛區,建物,基隆市仁愛區仁一路107巷1~30號,0.0,,,,10303,土地0建物1車位0,全,002,透天厝,住家用,磚造,0430101,44.3,4,3,2,有,無,4500000,101580,,0.0,0
中正區,房地(土地+建物),基隆市中正區祥豐街91~120號,27.33,住,,,10304,土地1建物1車位0,一層,003,公寓(5樓含以下無電梯),住家用,加強磚造,0630613,51.11,2,1,1,有,無,1630000,31892,,0.0,0
仁愛區,房地(土地+建物)+車位,基隆市仁愛區劉銘傳路31~60號,31.57,住,,,10304,土地1建物1車位1,三層,007,華廈(10層含以下有電梯),住家用,鋼筋混凝土造,0990805,189.09,3,2,2,有,有,15100000,79856,坡道平面,0.0,0
中正區,房地(土地+建物),基隆市中正區中正路788巷31~60號,63.0,住,,,10302,土地1建物1車位0,全,003,透天厝,住家用,加強磚造,0641103,97.37,3,2,2,有,無,1900000,19513,,0.0,0
中正區,房地(土地+建物),基隆市中正區觀海街91~120號,22.66,住,,,10304,土地1建物1車位0,六層,016,住宅大樓(11層含以上有電梯),住家用,鋼筋混凝土造,0880114,111.63000000000001,3,2,2,有,有,3500000,31354,,0.0,0
中正區,房地(土地+建物)+車位,基隆市中正區觀海街31~60號,17.75,住,,,10304,土地1建物1車位1,二層,016,住宅大樓(11層含以上有電梯),住家用,鋼筋混凝土造,0880114,132.49,2,2,1,有,有,2600000,19624,坡道平面,0.0,0
中正區,房地(土地+建物),基隆市中正區中正路760巷1~30號,22.63,住,,,10304,土地1建物1車位0,五層,005,公寓(5樓含以下無電梯),住家用,鋼筋混凝土造,0761016,83.58000000000001,4,1,1,有,無,2400000,28715,,0.0,0
信義區,土地,基瑞段211~240地號,73.15,住,,,10304,土地1建物0車位0,,,其他,,,,0.0,0,0,0,有,無,2124480,29043,,0.0,0
仁愛區,房地(土地+建物)+車位,基隆市仁愛區延平街61~90號,34.0,住,,,10304,土地1建物1車位1,四層,005,公寓(5樓含以下無電梯),住家用,鋼筋混凝土造,0850619,144.69,4,2,2,有,無,5600000,38703,坡道平面,20.47,0
信義區,房地(土地+建物),基隆市信義區深溪路36巷60弄1~30號,17.72,住,,,10304,土地1建物1車位0,二層,007,華廈(10層含以下有電梯),住家用,鋼筋混凝土造,0840525,75.37,2,1,1,有,有,2000000,26536,,0.0,0
中正區,建物,基隆市中正區正義路1~30號,0.0,,,,10304,土地0建物1車位0,全,001,透天厝,住家用,木造,0360101,39.67,0,0,0,無,無,2100000,52937,,0.0,0
信義區,房地(土地+建物),基隆市信義區深澳坑路172巷31~60號,21.96,住,,,10304,土地2建物1車位0,二層,005,公寓(5樓含以下無電梯),住家用,鋼筋混凝土造,0870608,81.63000000000001,3,2,1,有,無,1900000,23276,,0.0,0
中正區,房地(土地+建物),基隆市中正區義二路61~90號,38.5,商,,,10303,土地2建物4車位0,二層,006,公寓(5樓含以下無電梯),住家用,鋼筋混凝土造,0691203,180.57,0,0,0,無,無,20000000,110760,,0.0,0
中正區,房地(土地+建物)+車位,基隆市中正區新豐街301~330號,20.37,住,,,10304,土地2建物1車位1,十一層,014,住宅大樓(11層含以上有電梯),住家用,鋼筋混凝土造,0850309,148.79,3,2,2,有,有,4400000,29572,坡道平面,0.0,0
信義區,房地(土地+建物),基隆市信義區東明路91~120號,5.5,商,,,10304,土地1建物1車位0,三層,007,套房(1房1廳1衛),住家用,鋼筋混凝土造,0880416,45.58,1,1,1,有,有,1890000,41466,,0.0,0
信義區,房地(土地+建物),基隆市信義區信二路91~120號,25.8,商,,,10304,土地4建物1車位0,四層,005,公寓(5樓含以下無電梯),住家用,鋼筋混凝土造,0670619,81.0,3,1,1,有,無,1500000,18519,,0.0,0
信義區,房地(土地+建物),基隆市信義區中興路1~30號,14.48,商,,,10304,土地1建物1車位0,一層，夾層,007,店面(店鋪),見其他登記事項,鋼筋混凝土造,0970725,82.6,0,0,0,無,有,9900000,119855,,0.0,0
仁愛區,土地,中興段三小段61~90地號,23.0,商,,,10304,土地1建物0車位0,,,其他,,,,0.0,0,0,0,有,無,6066250,263750,,0.0,0
信義區,房地(土地+建物),基隆市信義區教忠街161巷31~60號,134.47,住,,,10304,土地1建物1車位0,全,003,透天厝,見其他登記事項,鋼筋混凝土造,1011031,285.5,5,2,5,有,無,14500000,50788,,0.0,0
中正區,房地(土地+建物)+車位,基隆市中正區新豐街241~270號,485.05,住,,,10304,土地1建物1車位5,一層，地下一層,023,住宅大樓(11層含以上有電梯),見其他登記事項,鋼筋混凝土造,0851129,2177.7200000000003,0,0,0,無,有,53850000,26638,坡道平面,226.72,1880000
中正區,車位,基隆市中正區新豐街271~300號,0.14,住,,,10304,土地0建物0車位1,地下三層,023,其他,見其他登記事項,鋼筋混凝土造,0851129,41.61,0,0,0,有,有,400000,,坡道平面,41.61,400000
安樂區,車位,基隆市安樂區麥金路181~210號,2.75,住,,,10304,土地0建物0車位1,,,其他,,,,15.64,0,0,0,有,有,500000,,坡道機械,15.64,500000
安樂區,房地(土地+建物)+車位,基隆市安樂區麥金路181~210號,71.89,住,,,10304,土地8建物1車位1,一層,012,住宅大樓(11層含以上有電梯),住家用,鋼筋混凝土造,0860718,129.06,6,3,2,有,有,8000000,61987,坡道機械,15.64,0
安樂區,房地(土地+建物),基隆市安樂區基金一路208巷148弄1~30號,26.29,住,,,10304,土地2建物1車位0,五層,005,公寓(5樓含以下無電梯),住家用,鋼筋混凝土造,0831015,96.02,3,2,2,有,有,2100000,21870,,0.0,0
七堵區,房地(土地+建物),基隆市七堵區堵南街1~30號,8.79,住,,,10303,土地2建物1車位0,九層,010,華廈(10層含以下有電梯),住家用,鋼筋混凝土造,0830310,50.3,1,1,1,有,有,2100000,41750,,0.0,0
七堵區,房地(土地+建物),基隆市七堵區崇孝街61~90號,35.66,住,,,10303,土地1建物1車位0,一層，騎樓,005,公寓(5樓含以下無電梯),住商用,鋼筋混凝土造,0740322,132.4,0,0,0,無,無,4500000,33988,,0.0,0
七堵區,房地(土地+建物),基隆市七堵區福五街151~180號,28.61,住,,,10304,土地1建物1車位0,三層,005,公寓(5樓含以下無電梯),住家用,鋼筋混凝土造,0710227,91.06,3,2,1,有,無,3600000,39534,,0.0,0
暖暖區,房地(土地+建物),基隆市暖暖區碇內街421~450號,16.68,住,,,10304,土地1建物1車位0,六層,006,華廈(10層含以下有電梯),住家用,鋼筋混凝土造,0840808,77.88,3,1,1,有,有,1100000,14124,,0.0,0
安樂區,房地(土地+建物),基隆市安樂區基金一路151~180號,19.64,住,,,10304,土地5建物1車位0,三層,012,住宅大樓(11層含以上有電梯),住家用,鋼筋混凝土造,0871210,119.98,3,2,1,有,有,4400000,36673,,0.0,0
中山區,土地,中山段511~540地號,2.0,其他,,,10303,土地1建物0車位0,,,其他,,,,0.0,0,0,0,有,無,400000,200000,,0.0,0
中山區,土地,中山段511~540地號,2.0,其他,,,10303,土地1建物0車位0,,,其他,,,,0.0,0,0,0,有,無,400000,200000,,0.0,0
中山區,土地,中山段511~540地號,2.0,其他,,,10304,土地1建物0車位0,,,其他,,,,0.0,0,0,0,有,無,400000,200000,,0.0,0
暖暖區,土地,源遠段841~870地號,72.0,住,,,10303,土地1建物0車位0,,,其他,,,,0.0,0,0,0,有,無,1404000,19500,,0.0,0
安樂區,房地(土地+建物),基隆市安樂區武嶺街301~330號,6.67,住,,,10304,土地1建物1車位0,七層,007,套房(1房1廳1衛),住家用,鋼筋混凝土造,0850118,30.26,1,0,1,有,有,1050000,34699,,0.0,0
暖暖區,房地(土地+建物),基隆市暖暖區暖中路181~210號,47.34,住,,,10304,土地1建物1車位0,三層,004,公寓(5樓含以下無電梯),住家用,鋼筋混凝土造,0740306,120.99000000000001,3,2,2,有,無,2260000,18679,,0.0,0
仁愛區,房地(土地+建物),基隆市仁愛區公園街301~330號,16.52,商,,,10304,土地4建物1車位0,二層,002,套房(1房1廳1衛),商業用,鋼筋混凝土造,0751219,22.09,1,0,1,有,無,1000000,45269,,0.0,0
安樂區,房地(土地+建物),基隆市安樂區樂利二街62巷31~60號,29.46,住,,,10304,土地1建物1車位0,三層,007,華廈(10層含以下有電梯),住家用,鋼筋混凝土造,0850322,120.02,3,2,2,有,有,4650000,38744,,0.0,0
安樂區,房地(土地+建物),基隆市中山區中和路168巷5弄1~30號,24.65,住,,,10304,土地2建物1車位0,三層,005,公寓(5樓含以下無電梯),住家用,鋼筋混凝土造,0860401,101.67,3,2,2,有,無,2700000,26557,,0.0,0
七堵區,土地,長安段541~570地號,21.96,,鄉村區,乙種建築用地,10303,土地1建物0車位0,,,其他,,,,0.0,0,0,0,有,無,840409,38270,,0.0,0
安樂區,房地(土地+建物),基隆市安樂區武聖街49巷91~120號,134.06,住,,,10304,土地2建物1車位0,全,003,透天厝,見其他登記事項,鋼筋混凝土造,1030127,189.72,5,2,3,有,無,8500000,44803,,0.0,0
安樂區,房地(土地+建物),基隆市安樂區樂利二街62巷61~90號,37.26,住,,,10304,土地1建物1車位0,二層,007,華廈(10層含以下有電梯),住家用,鋼筋混凝土造,0850322,158.4,3,2,2,有,有,5200000,32828,,0.0,0
中正區,土地,長潭段781~810地號,3.0,住,,,10304,土地1建物0車位0,,,其他,,,,0.0,0,0,0,有,無,79020,26340,,0.0,0
中山區,房地(土地+建物)+車位,基隆市中山區成功二路31~60號,17.74,商,,,10303,土地1建物1車位1,十四層，十五層,015,住宅大樓(11層含以上有電梯),見其他登記事項,鋼骨鋼筋混凝土造,1010711,240.8,3,2,2,有,有,18060000,76047,升降機械,12.52,700000
安樂區,房地(土地+建物),基隆市安樂區基金三路31~60號,69.27,住,,,10304,土地4建物1車位0,一層，防空避難室,005,公寓(5樓含以下無電梯),住家用,鋼筋混凝土造,0810718,164.96,3,2,2,有,無,3600000,21823,,0.0,0
暖暖區,土地,金華段451~480地號,709.13,其他,,,10304,土地1建物0車位0,,,其他,,,,0.0,0,0,0,有,無,14494610,20440,,0.0,0
暖暖區,房地(土地+建物)+車位,基隆市暖暖區暖暖街530巷61~90號,39.75,住,,,10304,土地3建物1車位1,三層,009,華廈(10層含以下有電梯),見其他登記事項,鋼筋混凝土造,1030314,179.34,3,2,2,有,有,8000000,44606,坡道平面,0.0,0
暖暖區,房地(土地+建物)+車位,基隆市暖暖區暖暖街530巷61~90號,39.75,住,,,10304,土地3建物1車位1,五層,009,華廈(10層含以下有電梯),見其他登記事項,鋼筋混凝土造,1030314,179.34,3,2,2,有,有,6970000,38863,坡道平面,0.0,0
暖暖區,房地(土地+建物),基隆市暖暖區碇內街331~360號,19.18,住,,,10304,土地1建物1車位0,四層,006,華廈(10層含以下有電梯),住家用,鋼筋混凝土造,0840808,88.71000000000001,2,2,1,有,有,1250000,14091,,0.0,0
暖暖區,房地(土地+建物),基隆市暖暖區暖中路61~90號,13.25,住,,,10303,土地1建物1車位0,地下層,004,公寓(5樓含以下無電梯),住家用,鋼筋混凝土造,0701230,55.68,3,2,2,有,無,1000000,17960,,0.0,0
七堵區,房地(土地+建物),基隆市七堵區南興路11巷1~30號,22.25,商,,,10303,土地1建物1車位0,三層,004,公寓(5樓含以下無電梯),住家用,鋼筋混凝土加強磚造,0650610,60.02,2,1,1,有,無,3800000,63312,,0.0,0
中山區,房地(土地+建物)+車位,基隆市中山區復興路259巷1~30號,25.42,住,,,10304,土地3建物2車位1,五層,005,公寓(5樓含以下無電梯),住家用,鋼筋混凝土造,0830930,124.39,2,1,1,有,無,2500000,20098,坡道平面,0.0,0
七堵區,房地(土地+建物),基隆市七堵區崇信街37巷31~60號,33.25,其他,,,10304,土地1建物1車位0,五層,005,公寓(5樓含以下無電梯),住家用,鋼筋混凝土造,0711210,110.57,4,2,1,有,無,3500000,31654,,0.0,0
七堵區,土地,溪頭段421~450地號,258.71,住,,,10304,土地1建物0車位0,,,其他,,,,0.0,0,0,0,有,無,14085752,54446,,0.0,0
暖暖區,房地(土地+建物),基隆市暖暖區碇內街241~270號,20.9,住,,,10303,土地1建物1車位0,十層,010,華廈(10層含以下有電梯),住家用,鋼筋混凝土造,0850217,99.49,3,2,1,有,有,2250000,22615,,0.0,0
安樂區,房地(土地+建物),基隆市安樂區基金二路1~30號,9.86,住,,,10304,土地4建物1車位0,七層,012,住宅大樓(11層含以上有電梯),住家用,鋼筋混凝土造,0800711,86.69999999999999,2,2,1,有,有,2700000,31142,,0.0,0
暖暖區,房地(土地+建物),基隆市暖暖區碇內街271~300號,24.88,住,,,10303,土地1建物1車位0,十層,010,華廈(10層含以下有電梯),住家用,鋼筋混凝土造,0850217,116.5,3,2,2,有,有,1690000,14506,,0.0,0
七堵區,房地(土地+建物)+車位,基隆市七堵區明德二路1~30號,15.54,住,,,10304,土地1建物1車位1,十一層,013,住宅大樓(11層含以上有電梯),見其他登記事項,鋼筋混凝土造,1010626,146.6,3,2,2,有,有,7800000,57735,升降機械,20.16,500000
七堵區,房地(土地+建物)+車位,基隆市七堵區大華一路121~150號,47.2,住,,,10304,土地1建物1車位1,二層,007,華廈(10層含以下有電梯),見其他登記事項,鋼筋混凝土造,1010613,172.09,3,2,2,有,有,8360000,48579,坡道平面,26.48,0
暖暖區,房地(土地+建物)+車位,基隆市暖暖區暖暖里暖暖街281巷1~30號,43.13,住,,,10304,土地1建物1車位1,四層,014,住宅大樓(11層含以上有電梯),見其他登記事項,鋼筋混凝土造,1021204,220.37,4,2,2,有,有,12000000,57617,坡道平面,34.66,1300000
暖暖區,房地(土地+建物)+車位,基隆市暖暖區暖暖里暖暖街281巷1~30號,43.16,住,,,10211,土地1建物1車位2,八層,014,住宅大樓(11層含以上有電梯),見其他登記事項,鋼筋混凝土造,1021204,255.03000000000003,4,2,2,有,有,13140000,56755,坡道平面,69.32,2600000
暖暖區,房地(土地+建物)+車位,基隆市暖暖區暖暖里暖暖街281巷1~30號,34.71,住,,,10304,土地1建物1車位1,二層,014,住宅大樓(11層含以上有電梯),見其他登記事項,鋼筋混凝土造,1021204,183.91,3,2,2,有,有,10300000,60972,坡道平面,34.66,1200000
安樂區,房地(土地+建物),基隆市安樂區基金一路135巷21弄1~30號,26.02,住,,,10304,土地33建物1車位0,七層,007,華廈(10層含以下有電梯),住家用,鋼筋混凝土造,0820902,109.37,3,2,2,有,有,4900000,44802,,0.0,0
七堵區,房地(土地+建物),基隆市七堵區長安街231巷91~120號,55.36,,鄉村區,乙種建築用地,10304,土地1建物1車位0,三層,003,公寓(5樓含以下無電梯),住家用,鋼筋混凝土造,0701223,88.74,3,2,1,有,無,2500000,28172,,0.0,0
暖暖區,房地(土地+建物),基隆市暖暖區源遠路249巷181~210號,12.62,住,,,10304,土地1建物1車位0,六層,012,住宅大樓(11層含以上有電梯),住家用,鋼筋混凝土造,0860125,73.06,3,2,2,有,有,3200000,43800,,0.0,0
暖暖區,房地(土地+建物)+車位,基隆市暖暖區碇內街121~150號,29.12,住,,,10304,土地1建物1車位1,十三層,014,住宅大樓(11層含以上有電梯),住家用,鋼筋混凝土造,0980624,166.86,3,2,2,有,有,6000000,37457,坡道平面,32.04,950000
信義區,房地(土地+建物)+車位,基隆市信義區深美街86巷31~60號,106.36,住,,,10303,土地1建物1車位1,全,003,透天厝,見其他登記事項,鋼筋混凝土造,0940726,200.65,3,1,3,有,無,9300000,46349,一樓平面,0.0,0
仁愛區,房地(土地+建物),基隆市仁愛區仁一路271~300號,29.16,商,,,10304,土地1建物1車位0,六層,009,華廈(10層含以下有電梯),住家用,鋼筋混凝土造,0981230,161.3,3,2,2,有,有,17000000,105394,,0.0,0
信義區,房地(土地+建物),基隆市信義區正信路151巷1~30號,72.5,住,,,10304,土地1建物1車位0,一層,004,公寓(5樓含以下無電梯),住家用,加強磚造,0601129,79.94,2,1,1,有,無,2000000,25019,,0.0,0
信義區,房地(土地+建物),基隆市信義區深溪路36巷61~90號,26.34,住,,,10303,土地1建物1車位0,一層,007,華廈(10層含以下有電梯),住家用,鋼筋混凝土造,0860718,133.45999999999998,4,2,2,有,有,5200000,38963,,0.0,0
中正區,房地(土地+建物),基隆市中正區祥豐街481~510號,54.67,住,,,10304,土地1建物1車位0,一層,003,公寓(5樓含以下無電梯),住家用,加強磚造,0611020,77.05,2,1,1,有,無,1800000,23361,,0.0,0
中正區,房地(土地+建物),基隆市中正區武昌街1~30號,20.62,商,,,10303,土地1建物1車位0,二層,005,公寓(5樓含以下無電梯),住家用,鋼筋混凝土造,0740619,100.68,3,2,2,有,無,2500000,24831,,0.0,0
中正區,房地(土地+建物),基隆市中正區中正路811~840號,38.0,住,,,10304,土地2建物1車位0,五層,005,公寓(5樓含以下無電梯),住家用,鋼筋混凝土造,0700407,95.73,4,2,1,有,無,5630000,58811,,0.0,0
中正區,房地(土地+建物),基隆市中正區觀海街151~180號,6.07,住,,,10304,土地2建物1車位0,四層,016,套房(1房1廳1衛),住家用,鋼筋混凝土造,0880114,31.22,1,1,1,有,有,1000000,32031,,0.0,0
中正區,房地(土地+建物),基隆市中正區新豐街451~480號,21.73,住,,,10303,土地3建物1車位0,十一層,017,住宅大樓(11層含以上有電梯),住家用,鋼筋混凝土造,0861121,113.03999999999999,3,2,2,有,有,4800000,42463,,0.0,0
中正區,房地(土地+建物)+車位,基隆市中正區新豐街451~480號,23.43,住,,,10304,土地3建物1車位1,十二層,017,住宅大樓(11層含以上有電梯),住家用,鋼筋混凝土造,0861121,148.24,3,2,2,有,有,5100000,34404,坡道平面,0.0,0
信義區,房地(土地+建物),基隆市信義區信二路1~30號,42.4,住,,,10304,土地3建物1車位0,五層,005,公寓(5樓含以下無電梯),住家用,鋼筋混凝土造,0781013,146.29,5,3,4,有,無,7500000,51268,,0.0,0
中正區,房地(土地+建物)+車位,基隆市中正區觀海街91~120號,24.57,住,,,10304,土地1建物1車位1,九層,016,住宅大樓(11層含以上有電梯),住家用,鋼筋混凝土造,0880114,164.69,4,2,2,有,有,3800000,23074,坡道平面,0.0,0
中正區,車位,基隆市中正區觀海街1~30號,0.0,,,,10304,土地0建物0車位2,,,其他,,,,73.06,0,0,0,有,有,800000,,坡道平面,73.06,800000
中正區,車位,基隆市中正區觀海街31~60號,0.0,,,,10304,土地0建物0車位1,,,其他,,,,38.72,0,0,0,有,有,400000,,坡道平面,38.72,400000
中正區,車位,基隆市中正區觀海街61~90號,0.0,,,,10304,土地0建物0車位4,,,其他,,,,139.95,0,0,0,有,有,1600000,,坡道平面,139.96,1600000
仁愛區,房地(土地+建物),基隆市仁愛區仁一路241~270號,3.22,商,,,10304,土地2建物1車位0,二十二層,031,套房(1房1廳1衛),住家用,鋼骨鋼筋混凝土造,0970204,58.379999999999995,1,1,1,有,有,5300000,90785,,0.0,0
中正區,房地(土地+建物)+車位,基隆市中正區新豐街162巷121~150號,98.44,住,,,10304,土地6建物1車位2,六層，見其他登記事項,006,華廈(10層含以下有電梯),住家用,鋼筋混凝土造,1020905,381.20000000000005,3,1,2,有,有,17060000,44753,坡道平面,0.0,0
中正區,房地(土地+建物)+車位,基隆市中正區觀海街151~180號,21.84,住,,,10304,土地1建物1車位1,一層,016,住宅大樓(11層含以上有電梯),商業用,鋼筋混凝土造,0880114,151.3,0,0,0,無,有,2860000,22380,坡道平面,41.38,400000
中正區,房地(土地+建物),基隆市中正區信三路28巷31~60號,68.15,商,,,10304,土地2建物1車位0,一層，見其他登記事項,005,華廈(10層含以下有電梯),見其他登記事項,鋼筋混凝土造,1010313,192.1,3,2,4,有,有,19400000,100989,,0.0,0
仁愛區,房地(土地+建物),基隆市仁愛區愛三路61~90號,15.17,商,,,10304,土地10建物1車位0,四層,011,住宅大樓(11層含以上有電梯),見其他登記事項,鋼筋混凝土造,0720530,189.45,0,0,0,無,有,9500000,50145,,0.0,0
中正區,房地(土地+建物)+車位,基隆市中正區新豐街162巷121~150號,97.6,住,,,10304,土地6建物1車位2,六層，見其他登記事項,006,華廈(10層含以下有電梯),住家用,鋼筋混凝土造,1020905,377.40999999999997,3,1,2,有,有,16280000,43136,坡道平面,0.0,0
暖暖區,房地(土地+建物)+車位,基隆市暖暖區碇內街121~150號,27.97,住,,,10304,土地1建物1車位1,十三層,014,住宅大樓(11層含以上有電梯),住家用,鋼筋混凝土造,0980624,161.32999999999998,3,2,2,有,有,5880000,38518,坡道平面,32.04,900000
七堵區,房地(土地+建物),基隆市七堵區東新街1~30號,25.67,商,,,10304,土地1建物1車位0,二層,003,公寓(5樓含以下無電梯),住家用,加強磚造,0620829,65.5,2,1,1,有,無,990433,15121,,0.0,0
安樂區,房地(土地+建物)+車位,基隆市安樂區基金一路121巷1~30號,32.06,住,,,10304,土地1建物1車位1,五層,005,公寓(5樓含以下無電梯),住家用,鋼筋混凝土造,0850503,131.65,3,2,2,有,有,2920000,22180,坡道平面,0.0,0
安樂區,房地(土地+建物),基隆市安樂區中和路200巷100弄1~30號,49.7,住,,,10303,土地4建物1車位0,四層,004,公寓(5樓含以下無電梯),住家用,鋼筋混凝土造,0730407,115.16,3,1,1,有,無,700000,6078,,0.0,0
七堵區,房地(土地+建物)+車位,基隆市七堵區綠葉街30巷1~30號,84.65,,山坡地保育區,丙種建築用地,10304,土地1建物1車位1,四層,006,華廈(10層含以下有電梯),見其他登記事項,鋼筋混凝土造,1010120,214.01999999999998,4,2,2,有,有,12000000,65255,坡道平面,45.45,1000000
七堵區,房地(土地+建物),基隆市七堵區泰安路61~90號,40.2,住,,,10305,土地1建物1車位0,三層,005,公寓(5樓含以下無電梯),住家用,鋼筋混凝土造,0820921,145.57,3,2,2,有,無,5500000,37783,,0.0,0
中山區,房地(土地+建物),基隆市中山區復興路212巷21弄1~30號,43.12,住,,,10304,土地1建物1車位0,全,002,透天厝,住家用,加強磚造,0580407,48.24,3,2,1,有,無,1600000,33167,,0.0,0
安樂區,房地(土地+建物)+車位,基隆市安樂區樂利二街62巷211~240號,17.21,住,,,10303,土地2建物1車位1,三層,012,住宅大樓(11層含以上有電梯),住家用,鋼筋混凝土造,0880114,118.08,3,2,1,有,有,4030000,34129,坡道平面,0.0,0
暖暖區,房地(土地+建物)+車位,基隆市暖暖區碇內街91~120號,27.97,住,,,10304,土地1建物1車位1,六層,014,住宅大樓(11層含以上有電梯),住家用,鋼筋混凝土造,0980624,161.8,3,2,2,有,有,6380000,40396,坡道平面,28.62,1000000
安樂區,房地(土地+建物),基隆市安樂區武聖街49巷1~30號,153.0,住,,,10304,土地1建物1車位0,全,003,透天厝,見其他登記事項,鋼筋混凝土造,1021022,255.93,3,3,3,有,無,14800000,57828,,0.0,0
安樂區,房地(土地+建物),基隆市安樂區武聖街49巷1~30號,153.0,住,,,10304,土地1建物1車位0,全,003,透天厝,見其他登記事項,鋼筋混凝土造,1021022,255.93,3,3,3,有,無,14900000,58219,,0.0,0
安樂區,車位,基隆市安樂區中和路85巷1~30號,0.0,,,,10304,土地0建物0車位1,,,其他,,,,20.77,0,0,0,有,無,450000,,坡道機械,20.77,450000
暖暖區,房地(土地+建物),基隆市暖暖區碇內街391~420號,15.84,住,,,10304,土地1建物1車位0,一層,006,華廈(10層含以下有電梯),住家用,鋼筋混凝土造,0840808,121.86,3,2,2,有,有,2000000,16412,,0.0,0
安樂區,房地(土地+建物),基隆市安樂區武聖街49巷1~30號,153.0,住,,,10304,土地1建物1車位0,全,003,透天厝,見其他登記事項,鋼筋混凝土造,1021022,255.93,3,3,3,有,無,14800000,57828,,0.0,0
暖暖區,房地(土地+建物)+車位,基隆市暖暖區暖暖街530巷61~90號,39.75,住,,,10304,土地3建物1車位1,六層,009,華廈(10層含以下有電梯),見其他登記事項,鋼筋混凝土造,1030314,179.34,3,2,2,有,有,8780000,48955,坡道平面,0.0,0
暖暖區,房地(土地+建物)+車位,基隆市暖暖區暖暖街530巷61~90號,39.75,住,,,10304,土地3建物1車位1,七層,009,華廈(10層含以下有電梯),見其他登記事項,鋼筋混凝土造,1030314,179.34,3,2,2,有,有,8460000,47170,坡道平面,0.0,0
暖暖區,房地(土地+建物)+車位,基隆市暖暖區暖暖街530巷61~90號,39.75,住,,,10304,土地3建物1車位1,四層,009,華廈(10層含以下有電梯),見其他登記事項,鋼筋混凝土造,1030314,179.34,3,2,2,有,有,8000000,44606,坡道平面,0.0,0
暖暖區,房地(土地+建物)+車位,基隆市暖暖區暖暖街530巷61~90號,39.75,住,,,10304,土地3建物1車位1,二層,009,華廈(10層含以下有電梯),見其他登記事項,鋼筋混凝土造,1030314,179.34,3,2,2,有,有,7250000,40424,坡道平面,0.0,0
暖暖區,房地(土地+建物)+車位,基隆市暖暖區暖暖街530巷61~90號,39.75,住,,,10304,土地3建物1車位1,三層,009,華廈(10層含以下有電梯),見其他登記事項,鋼筋混凝土造,1030314,179.34,3,2,2,有,有,7700000,42933,坡道平面,0.0,0
暖暖區,房地(土地+建物)+車位,基隆市暖暖區暖暖街530巷61~90號,39.75,住,,,10304,土地3建物1車位1,四層,009,華廈(10層含以下有電梯),見其他登記事項,鋼筋混凝土造,1030314,179.34,3,2,2,有,有,7020000,39141,坡道平面,0.0,0
暖暖區,房地(土地+建物)+車位,基隆市暖暖區暖暖街530巷61~90號,39.75,住,,,10304,土地3建物1車位1,七層,009,華廈(10層含以下有電梯),見其他登記事項,鋼筋混凝土造,1030314,179.34,3,2,2,有,有,7510000,41873,坡道平面,0.0,0
暖暖區,房地(土地+建物),基隆市暖暖區暖暖街530巷61~90號,38.48,住,,,10304,土地3建物1車位0,三層,009,華廈(10層含以下有電梯),見其他登記事項,鋼筋混凝土造,1030314,138.18,3,2,2,有,有,8200000,59343,,0.0,0
暖暖區,房地(土地+建物),基隆市暖暖區暖暖街530巷61~90號,38.48,住,,,10304,土地3建物1車位0,四層,009,華廈(10層含以下有電梯),見其他登記事項,鋼筋混凝土造,1030314,138.18,3,2,2,有,有,7600000,55001,,0.0,0
暖暖區,房地(土地+建物)+車位,基隆市暖暖區暖暖街530巷61~90號,39.75,住,,,10304,土地3建物1車位1,六層,009,華廈(10層含以下有電梯),見其他登記事項,鋼筋混凝土造,1030314,179.34,3,2,2,有,有,7380000,41149,坡道平面,0.0,0
暖暖區,房地(土地+建物)+車位,基隆市暖暖區暖暖街530巷61~90號,39.75,住,,,10304,土地3建物1車位1,七層,009,華廈(10層含以下有電梯),見其他登記事項,鋼筋混凝土造,1030314,179.34,3,2,2,有,有,7530000,41985,坡道平面,0.0,0
七堵區,房地(土地+建物),基隆市七堵區長安街241~270號,42.23,,鄉村區,乙種建築用地,10304,土地1建物1車位0,三層,003,公寓(5樓含以下無電梯),住家用,鋼筋混凝土造,0701223,63.11,2,1,1,有,無,2000000,31691,,0.0,0
七堵區,土地,五堵段五堵北小段661~690地號,1160.0,住,,,10304,土地2建物0車位0,,,其他,,,,0.0,0,0,0,有,無,122815000,105875,,0.0,0
暖暖區,房地(土地+建物),基隆市暖暖區碇內街192巷1~30號,29.7,住,,,10304,土地2建物1車位0,三層,004,公寓(5樓含以下無電梯),住家用,鋼筋混凝土造,0730112,76.65,2,1,2,有,無,1850000,24136,,0.0,0
七堵區,房地(土地+建物),基隆市七堵區福六街1~30號,48.38,住,,,10304,土地1建物1車位0,三層,004,公寓(5樓含以下無電梯),住家用,鋼筋混凝土造,0830326,111.75,3,1,2,有,無,4850000,43400,,0.0,0
暖暖區,車位,基隆市暖暖區暖暖街530巷61~90號,1.27,住,,,10304,土地0建物0車位1,一層,009,其他,見其他登記事項,鋼筋混凝土造,1030314,41.16,0,0,0,有,有,1150000,,坡道平面,0.0,1150000
仁愛區,房地(土地+建物),基隆市仁愛區光二路22巷1~30號,15.25,商,,,10304,土地1建物1車位0,三層,004,公寓(5樓含以下無電梯),住家用,鋼筋混凝土加強磚造,0631102,48.89,0,0,0,無,無,1000000,20454,,0.0,0
安樂區,房地(土地+建物),基隆市安樂區樂利二街62巷271~300號,14.13,住,,,10304,土地2建物1車位0,五層,012,住宅大樓(11層含以上有電梯),住家用,鋼筋混凝土造,0881231,88.09,1,1,1,有,有,3980000,45181,,0.0,0
安樂區,房地(土地+建物),基隆市安樂區基金一路91~120號,11.66,住,,,10304,土地1建物3車位0,二層,012,住宅大樓(11層含以上有電梯),住家用,鋼筋混凝土造,0820111,76.45,2,1,1,有,有,2350000,30739,,0.0,0
暖暖區,房地(土地+建物),基隆市暖暖區碇內街421~450號,12.51,住,,,10302,土地1建物1車位0,一層,006,套房(1房1廳1衛),住家用,鋼筋混凝土造,0840808,59.3,1,1,1,有,無,900000,15177,,0.0,0
中山區,房地(土地+建物),基隆市中山區復興路230巷22弄1~30號,45.28,住,,,10304,土地2建物1車位0,三層,004,公寓(5樓含以下無電梯),住家用,鋼筋混凝土造,0690717,94.7,3,1,1,有,無,1600000,16895,,0.0,0
七堵區,房地(土地+建物),基隆市七堵區福一街51巷1~30號,16.28,住,,,10304,土地1建物1車位0,一層，騎樓，停車場,005,公寓(5樓含以下無電梯),住家用,鋼筋混凝土造,0710911,57.34,0,0,1,無,無,3500000,61039,,0.0,0
暖暖區,土地,源遠段1471~1500地號,1750.0,住,,,10303,土地3建物0車位0,,,其他,,,,0.0,0,0,0,有,無,36000000,20571,,0.0,0
安樂區,房地(土地+建物),基隆市安樂區基金一路208巷154弄1~30號,18.95,住,,,10304,土地2建物1車位0,二層,005,公寓(5樓含以下無電梯),住家用,鋼筋混凝土造,0831015,70.44,2,2,1,有,有,2300000,32652,,0.0,0
安樂區,房地(土地+建物),基隆市安樂區樂一路91~120號,30.0,住,,,10304,土地2建物1車位0,四層,005,公寓(5樓含以下無電梯),住家用,鋼筋混凝土造,0791113,107.03999999999999,3,2,1,有,無,3000000,28027,,0.0,0
七堵區,房地(土地+建物),基隆市七堵區長安街251巷1~30號,39.51,,鄉村區,乙種建築用地,10304,土地1建物1車位0,一層,005,公寓(5樓含以下無電梯),住家用,鋼筋混凝土造,0861029,69.89,4,2,3,有,無,4100000,58664,,0.0,0
安樂區,房地(土地+建物),基隆市安樂區武隆街105巷1~30號,98.63,住,,,10303,土地1建物1車位0,全,002,透天厝,住家用,加強磚造,0690130,105.48,3,2,2,有,無,3500000,33182,,0.0,0
安樂區,車位,基隆市安樂區基金一路121巷1~30號,0.92,住,,,10304,土地0建物0車位1,地下一層,005,其他,見其他登記事項,鋼筋混凝土造,0850503,39.72,0,0,0,有,有,800000,,坡道平面,39.72,800000
中正區,房地(土地+建物),基隆市中正區新豐街451~480號,23.09,其他,,,10303,土地3建物1車位0,十三層,018,住宅大樓(11層含以上有電梯),住家用,鋼筋混凝土造,0861121,118.08000000000001,3,2,2,有,有,5000000,42344,,0.0,0
安樂區,房地(土地+建物),基隆市中山區中和路168巷13弄1~30號,29.06,住,,,10304,土地3建物1車位0,五層,005,公寓(5樓含以下無電梯),住家用,鋼筋混凝土造,0840124,119.03999999999999,3,2,2,有,無,2400000,20163,,0.0,0
安樂區,房地(土地+建物),基隆市安樂區樂利三街31~60號,5.21,住,,,10305,土地7建物1車位0,十層,020,套房(1房1廳1衛),住家用,鋼筋混凝土造,0860117,28.52,1,1,1,有,有,1210000,42426,,0.0,0
中正區,房地(土地+建物),基隆市中正區觀海街121~150號,16.76,住,,,10304,土地2建物1車位0,十層,016,住宅大樓(11層含以上有電梯),住家用,鋼筋混凝土造,0880114,84.79,2,1,2,有,有,2400000,28305,,0.0,0
中正區,房地(土地+建物),基隆市中正區義二路181~210號,12.25,商,,,10303,土地2建物1車位0,五層,006,公寓(5樓含以下無電梯),住家用,鋼筋混凝土加強磚造,0660715,60.93,1,1,1,有,無,1400000,22977,,0.0,0
安樂區,房地(土地+建物),基隆市安樂區中和路85巷31~60號,18.73,其他,,,10304,土地6建物1車位0,十一層，十二層,022,住宅大樓(11層含以上有電梯),住家用,鋼筋混凝土造,0860508,81.53,2,2,1,有,有,2480000,30418,,0.0,0
安樂區,房地(土地+建物),基隆市安樂區中和路168巷12弄1~30號,35.54,住,,,10304,土地3建物2車位0,四層,005,公寓(5樓含以下無電梯),住家用,鋼筋混凝土造,0840117,141.32,4,2,2,有,無,3450000,24414,,0.0,0
七堵區,房地(土地+建物),基隆市七堵區百七街1~30號,49.14,住,,,10304,土地1建物1車位0,三層,005,公寓(5樓含以下無電梯),住家用,鋼筋混凝土造,0841228,111.38,3,2,1,有,無,2000000,17957,,0.0,0
安樂區,房地(土地+建物)+車位,基隆市安樂區中和路85巷1~30號,32.47,其他,,,10304,土地6建物1車位1,十三層，十四層,022,住宅大樓(11層含以上有電梯),住家用,鋼筋混凝土造,0860508,163.19,4,2,2,有,有,4300000,26350,坡道機械,0.0,0
安樂區,房地(土地+建物),基隆市安樂區安樂路二段121~150號,26.27,其他,,,10305,土地1建物1車位0,六層,008,華廈(10層含以下有電梯),住家用,鋼筋混凝土造,0700126,106.44,4,1,1,有,有,3500000,32882,,0.0,0
安樂區,房地(土地+建物),基隆市安樂區安樂路二段121~150號,26.27,其他,,,10305,土地1建物1車位0,六層,008,華廈(10層含以下有電梯),住家用,鋼筋混凝土造,0700126,116.22,3,1,1,有,有,3500000,30115,,0.0,0
中山區,房地(土地+建物),基隆市中山區西定路61~90號,3.12,其他,,,10305,土地2建物1車位0,一層，騎樓,005,公寓(5樓含以下無電梯),商業用,鋼筋混凝土造,0730306,12.6,1,1,3,有,無,200000,15873,,0.0,0
安樂區,房地(土地+建物),基隆市安樂區麥金路181~210號,3.49,住,,,10304,土地8建物1車位0,二層,012,住宅大樓(11層含以上有電梯),住家用,鋼筋混凝土造,0860718,32.28,1,1,1,有,有,1750000,54213,,0.0,0
七堵區,房地(土地+建物),基隆市七堵區實踐路294巷1~30號,28.75,住,,,10304,土地1建物1車位0,四層,004,公寓(5樓含以下無電梯),住家用,鋼筋混凝土造,0690906,70.78,0,0,0,無,無,2354000,33258,,0.0,0
七堵區,房地(土地+建物),基隆市七堵區福二街91~120號,21.83,住,,,10305,土地1建物1車位0,二層,005,公寓(5樓含以下無電梯),住家用,鋼筋混凝土造,0700608,75.65,2,2,1,有,無,2900000,38334,,0.0,0
七堵區,房地(土地+建物)+車位,基隆市七堵區福六街31~60號,39.74,住,,,10304,土地1建物1車位2,十一層,011,住宅大樓(11層含以上有電梯),見其他登記事項,鋼筋混凝土造,1011025,209.31,3,2,2,有,有,12000000,72588,坡道平面,63.96,1450000
七堵區,房地(土地+建物)+車位,基隆市七堵區福六街61~90號,37.58,住,,,10304,土地1建物1車位2,十一層,011,住宅大樓(11層含以上有電梯),見其他登記事項,鋼筋混凝土造,1011025,207.41,2,2,2,有,有,12000000,72644,坡道平面,63.96,1580000
暖暖區,房地(土地+建物),基隆市暖暖區暖暖街281巷91~120號,27.26,住,,,10304,土地1建物1車位0,四層,004,公寓(5樓含以下無電梯),住家用,鋼筋混凝土造,0701222,95.27,3,2,1,有,無,3950000,41461,,0.0,0
安樂區,房地(土地+建物),基隆市安樂區武聖街49巷91~120號,134.22,住,,,10304,土地2建物1車位0,全,003,透天厝,見其他登記事項,鋼筋混凝土造,1030127,189.84,5,2,3,有,無,7000000,36873,,0.0,0
七堵區,房地(土地+建物),基隆市七堵區大華一路61巷1~30號,40.04,其他,,,10304,土地1建物1車位0,一層，騎樓,004,公寓(5樓含以下無電梯),商業用,鋼筋混凝土造,0681127,99.06,3,1,1,有,無,4000000,40380,,0.0,0
安樂區,房地(土地+建物)+車位,基隆市安樂區定國街11巷31~60號,41.94,住,,,10304,土地1建物1車位1,二層,007,華廈(10層含以下有電梯),住家用,鋼筋混凝土造,0870623,197.44,3,2,2,有,有,5880000,29781,坡道平面,0.0,0
安樂區,房地(土地+建物)+車位,基隆市安樂區樂利三街61~90號,29.18,住,,,10304,土地7建物1車位1,十二層,020,住宅大樓(11層含以上有電梯),住家用,鋼筋混凝土造,0860117,180.72,4,2,2,有,有,6900000,38181,坡道平面,0.0,0
安樂區,房地(土地+建物)+車位,基隆市安樂區中和路85巷1~30號,22.48,住,,,10304,土地6建物1車位1,二層,011,住宅大樓(11層含以上有電梯),住家用,鋼筋混凝土造,0860508,105.56,3,2,2,有,有,4500000,42630,坡道機械,20.77,0
安樂區,房地(土地+建物),基隆市安樂區基金一路135巷21弄31~60號,19.89,住,,,10304,土地33建物1車位0,二層,007,華廈(10層含以下有電梯),住家用,鋼筋混凝土造,0820902,90.26,2,2,1,有,有,3500000,38777,,0.0,0
中正區,土地,港濱段361~390地號,89.0,住,,,10304,土地1建物0車位0,,,其他,,,,0.0,0,0,0,有,無,5300000,59551,,0.0,0
中正區,土地,港濱段361~390地號,56.0,住,,,10304,土地1建物0車位0,,,其他,,,,0.0,0,0,0,有,無,2800000,50000,,0.0,0
中正區,土地,港濱段361~390地號,62.0,住,,,10304,土地1建物0車位0,,,其他,,,,0.0,0,0,0,有,無,3300000,53226,,0.0,0
中正區,土地,港濱段361~390地號,245.0,住,,,10304,土地5建物0車位0,,,其他,,,,0.0,0,0,0,有,無,12186400,49740,,0.0,0
中正區,土地,港濱段361~390地號,219.0,住,,,10304,土地7建物0車位0,,,其他,,,,0.0,0,0,0,有,無,11000000,50228,,0.0,0
中正區,房地(土地+建物),基隆市中正區中正路751~780號,31.8,商,,,10304,土地3建物1車位0,二層,005,公寓(5樓含以下無電梯),住家用,鋼筋混凝土造,0740212,144.15,10,0,10,有,無,6850000,47520,,0.0,0
中正區,房地(土地+建物),基隆市中正區正義路2巷31~60號,104.88,住,,,10304,土地4建物1車位0,全,001,透天厝,住家用,鋼筋混凝土造,0790308,135.56,4,1,2,有,有,5750000,42417,,0.0,0
信義區,房地(土地+建物),基隆市信義區培德路2巷91~120號,36.91,住,,,10304,土地4建物1車位0,二層,005,公寓(5樓含以下無電梯),住家用,鋼筋混凝土造,0780803,129.84,4,2,2,有,無,3400000,26186,,0.0,0
信義區,房地(土地+建物),基隆市信義區深溪路36巷102弄1~30號,20.53,住,,,10304,土地2建物1車位0,七層,007,華廈(10層含以下有電梯),住家用,鋼筋混凝土造,0860813,100.92,3,2,2,有,有,2750000,27249,,0.0,0
中正區,車位,基隆市中正區新豐街162巷121~150號,8.4,住,,,10304,土地0建物0車位1,一層,006,其他,住家用,鋼筋混凝土造,1020905,32.88,0,0,0,有,有,600000,,坡道平面,32.82,600000
中正區,房地(土地+建物),基隆市中正區新豐街333巷31~60號,15.62,住,,,10304,土地1建物1車位0,三層,009,華廈(10層含以下有電梯),住家用,鋼筋混凝土造,0841122,73.26,1,2,1,有,有,2800000,38220,,0.0,0
信義區,房地(土地+建物)+車位,基隆市信義區東明路77巷70弄31~60號,35.94,住,,,10303,土地1建物1車位1,三層,005,華廈(10層含以下有電梯),住家用,鋼筋混凝土造,0880907,153.63,3,2,2,有,無,6000000,39055,坡道平面,0.0,0
中正區,房地(土地+建物),基隆市中正區祥豐街177巷1~30號,33.75,住,,,10304,土地1建物1車位0,三層,004,公寓(5樓含以下無電梯),住家用,鋼筋混凝土加強磚造,0660624,81.03,3,2,1,有,無,2400000,29619,,0.0,0
信義區,房地(土地+建物),基隆市信義區深美街86巷31~60號,102.81,住,,,10304,土地1建物1車位0,全,004,透天厝,住家用,鋼筋混凝土造,0931214,214.62,5,2,3,有,無,10500000,48924,,0.0,0
中正區,房地(土地+建物),基隆市中正區新豐街271~300號,10.56,住,,,10304,土地1建物1車位0,十四層,023,套房(1房1廳1衛),住家用,鋼筋混凝土造,0851129,53.82,1,1,1,有,有,2000000,37161,,0.0,0
信義區,房地(土地+建物)+車位,基隆市信義區義六路1~30號,38.8,住,,,10304,土地1建物1車位2,十三層,024,住宅大樓(11層含以上有電梯),住家用,鋼筋混凝土造,1030314,273.62,4,2,2,有,有,20000000,78369,坡道平面,49.04,2400000
信義區,房地(土地+建物)+車位,基隆市信義區義六路1~30號,58.19,住,,,10304,土地1建物1車位3,十八層,024,住宅大樓(11層含以上有電梯),住家用,鋼筋混凝土造,1030314,409.97,4,2,4,有,有,29900000,78032,坡道平面,73.56,3650000
信義區,房地(土地+建物)+車位,基隆市信義區義六路1~30號,57.75,住,,,10304,土地1建物1車位3,十二層,024,住宅大樓(11層含以上有電梯),住家用,鋼筋混凝土造,1030314,410.65999999999997,4,2,4,有,有,28930000,73806,坡道平面,73.56,4050000
信義區,房地(土地+建物)+車位,基隆市信義區義六路1~30號,44.09,住,,,10304,土地1建物1車位2,十層,024,住宅大樓(11層含以上有電梯),住家用,鋼筋混凝土造,1030314,307.15,4,2,3,有,有,21000000,70900,坡道平面,49.04,2700000
信義區,房地(土地+建物)+車位,基隆市信義區義六路1~30號,58.19,住,,,10304,土地1建物1車位3,二十一層,024,住宅大樓(11層含以上有電梯),住家用,鋼筋混凝土造,1030314,409.1,4,2,4,有,有,32000000,84493,坡道平面,73.56,3650000
中正區,房地(土地+建物)+車位,基隆市中正區新豐街451~480號,11.89,其他,,,10304,土地5建物1車位1,十八層,018,套房(1房1廳1衛),住家用,鋼筋混凝土造,0861121,89.74000000000001,1,1,1,有,有,2600000,28973,坡道平面,0.0,0
信義區,房地(土地+建物),基隆市信義區教忠街121巷31~60號,91.29,住,,,10303,土地1建物1車位0,全,003,透天厝,見其他登記事項,鋼筋混凝土造,0920129,171.08,4,3,3,有,無,8700000,50853,,0.0,0
信義區,房地(土地+建物)+車位,基隆市信義區義六路1~30號,38.8,住,,,10304,土地1建物1車位2,八層,024,住宅大樓(11層含以上有電梯),住家用,鋼筋混凝土造,1030314,274.62,4,2,2,有,有,18200000,70485,坡道平面,49.04,2300000
信義區,房地(土地+建物)+車位,基隆市信義區義六路1~30號,37.91,住,,,10304,土地1建物1車位1,十層,024,住宅大樓(11層含以上有電梯),住家用,鋼筋混凝土造,1030314,248.5,4,2,2,有,有,25640000,107331,坡道平面,24.52,1600000
信義區,房地(土地+建物),基隆市信義區東信路35巷91~120號,19.99,住,,,10304,土地2建物1車位0,三層,005,公寓(5樓含以下無電梯),住家用,鋼筋混凝土造,0700807,70.87,1,2,1,有,無,1100000,15521,,0.0,0
中正區,房地(土地+建物),基隆市中正區新豐街303巷21弄31~60號,29.73,住,,,10304,土地4建物2車位0,二層,005,公寓(5樓含以下無電梯),住家用,鋼筋混凝土造,0851119,97.42,2,1,1,有,有,3000000,30794,,0.0,0
信義區,房地(土地+建物),基隆市信義區教忠街168巷61~90號,80.58,住,,,10304,土地1建物1車位0,全,003,透天厝,見其他登記事項,鋼筋混凝土造,0940530,163.89,5,2,2,有,無,9020000,55037,,0.0,0
信義區,房地(土地+建物)+車位,基隆市信義區義六路1~30號,48.05,住,,,10304,土地1建物1車位2,十一層,024,住宅大樓(11層含以上有電梯),住家用,鋼筋混凝土造,1030314,333.56,4,2,3,有,有,34000000,108252,坡道平面,49.04,3200000
信義區,房地(土地+建物)+車位,基隆市信義區東光路241~270號,113.67,住,,,10304,土地8建物1車位1,全,004,透天厝,住家用,鋼筋混凝土造,0840525,245.65,4,2,4,有,有,8390000,34154,一樓平面,0.0,0
中正區,房地(土地+建物)+車位,基隆市中正區觀海街121~150號,23.4,住,,,10302,土地2建物1車位1,八層,016,住宅大樓(11層含以上有電梯),住家用,鋼筋混凝土造,0880114,159.82,3,2,2,有,有,3250000,20335,坡道平面,45.94,0
中正區,房地(土地+建物),基隆市中正區觀海街1~30號,23.69,住,,,10302,土地2建物1車位0,二層,015,住宅大樓(11層含以上有電梯),住家用,鋼筋混凝土造,0880114,114.39,3,2,2,有,有,3250000,28412,,0.0,0
安樂區,房地(土地+建物),基隆市安樂區安樂路二段91~120號,25.32,商,,,10304,土地1建物1車位0,七層,008,華廈(10層含以下有電梯),住家用,鋼筋混凝土造,0690501,111.98,3,2,2,有,有,5850000,52241,,0.0,0
仁愛區,房地(土地+建物),基隆市仁愛區孝三路79巷1~30號,47.0,商,,,10304,土地1建物1車位0,全,002,透天厝,住家用,磚造,0160101,106.88,2,1,1,有,無,3200000,29940,,0.0,0
暖暖區,房地(土地+建物),基隆市暖暖區寧靜街61~90號,48.0,住,,,10304,土地1建物1車位0,一層,002,公寓(5樓含以下無電梯),住家用,加強磚造,0590126,55.87,2,1,1,有,無,1600000,28638,,0.0,0
暖暖區,房地(土地+建物),基隆市暖暖區碇內街192巷1~30號,29.7,住,,,10304,土地2建物1車位0,二層,004,公寓(5樓含以下無電梯),住家用,鋼筋混凝土造,0730112,75.93,2,1,1,有,無,1375000,18109,,0.0,0
七堵區,房地(土地+建物)+車位,基隆市七堵區泰和街31~60號,96.0,住,,,10304,土地1建物1車位2,全,004,透天厝,見其他登記事項,鋼筋混凝土造,1011106,293.32,4,2,2,有,有,12500000,42616,坡道平面,38.88,0
暖暖區,房地(土地+建物),基隆市暖暖區暖暖街16巷31~60號,21.28,住,,,10304,土地3建物1車位0,一層，騎樓,005,公寓(5樓含以下無電梯),商業用,鋼筋混凝土造,0720310,70.96,0,1,1,有,無,2300000,32413,,0.0,0
安樂區,房地(土地+建物)+車位,基隆市中山區中和路85巷1~30號,21.23,其他,,,10304,土地6建物1車位1,一層,011,住宅大樓(11層含以上有電梯),住家用,鋼筋混凝土造,0860508,110.41,3,2,1,有,有,3600000,32606,坡道平面,31.15,0
信義區,房地(土地+建物)+車位,基隆市信義區深澳坑路2巷1~30號,19.94,住,,,10304,土地4建物1車位1,五層,016,住宅大樓(11層含以上有電梯),住家用,鋼筋混凝土造,0850426,131.85,3,2,2,有,有,4100000,31096,坡道平面,0.0,0
中正區,房地(土地+建物),基隆市中正區和一路31~60號,16.12,住,,,10304,土地1建物1車位0,三層,004,公寓(5樓含以下無電梯),住家用,鋼筋混凝土加強磚造,0670626,46.67,1,1,1,有,無,800000,17142,,0.0,0
中正區,房地(土地+建物),基隆市中正區觀海街181~210號,23.4,住,,,10304,土地2建物1車位0,十四層,016,住宅大樓(11層含以上有電梯),住家用,鋼筋混凝土造,0880114,111.17999999999999,3,2,2,有,有,3800000,34179,,0.0,0
中正區,房地(土地+建物)+車位,基隆市中正區觀海街91~120號,22.39,住,,,10304,土地1建物1車位1,十二層,016,住宅大樓(11層含以上有電梯),住家用,鋼筋混凝土造,0880114,147.68,3,2,2,有,有,3800000,25731,坡道平面,34.98,0
信義區,房地(土地+建物),基隆市信義區花源五街1~30號,20.61,住,,,10305,土地1建物1車位0,四層,009,華廈(10層含以下有電梯),住家用,鋼筋混凝土造,0840401,109.86,3,2,2,有,有,2400000,21846,,0.0,0
安樂區,房地(土地+建物),基隆市中山區中和路168巷6弄1~30號,31.85,住,,,10304,土地3建物1車位0,五層,005,公寓(5樓含以下無電梯),住家用,鋼筋混凝土造,0851202,134.34,3,2,2,有,無,2300000,17119,,0.0,0
安樂區,房地(土地+建物),基隆市安樂區安和一街330巷1~30號,30.33,住,,,10304,土地1建物1車位0,五層,014,住宅大樓(11層含以上有電梯),國民住宅,鋼筋混凝土造,0850705,148.36,3,2,2,有,有,5000000,33702,,0.0,0
安樂區,房地(土地+建物),基隆市安樂區基金一路112巷110弄1~30號,11.76,住,,,10304,土地4建物1車位0,十二層,012,住宅大樓(11層含以上有電梯),住家用,鋼筋混凝土造,0851126,81.65,2,2,1,有,有,2250000,27557,,0.0,0
安樂區,房地(土地+建物),基隆市安樂區中和路168巷7弄1~30號,25.78,住,,,10305,土地3建物1車位0,四層,005,公寓(5樓含以下無電梯),住家用,鋼筋混凝土造,0840117,105.58,3,2,2,有,有,2550000,24152,,0.0,0
七堵區,土地,溪頭段511~540地號,3.81,住,,,10303,土地1建物0車位0,,,其他,,,,0.0,0,0,0,有,無,138000,36220,,0.0,0
暖暖區,房地(土地+建物),基隆市暖暖區東勢街26巷1~30號,36.0,住,,,10304,土地1建物1車位0,四層,004,公寓(5樓含以下無電梯),住家用,鋼筋混凝土造,0701106,86.16,5,2,2,有,無,1800000,20891,,0.0,0
安樂區,房地(土地+建物),基隆市安樂區崇德路211~240號,18.7,其他,,,10304,土地1建物1車位0,二層,005,公寓(5樓含以下無電梯),住家用,鋼筋混凝土造,0710819,81.13,3,1,1,有,無,1750000,21570,,0.0,0
安樂區,房地(土地+建物),基隆市中山區中平街91~120號,43.0,住,,,10304,土地5建物1車位0,一層,004,公寓(5樓含以下無電梯),住商用,鋼筋混凝土造,0701228,91.51,2,1,1,有,有,1400000,15299,,0.0,0
七堵區,房地(土地+建物),基隆市七堵區泰安路1~30號,101.97,住,,,10304,土地5建物1車位0,一層，騎樓,004,公寓(5樓含以下無電梯),商業用,鋼筋混凝土造,0680417,65.4,2,2,1,有,無,4200000,64220,,0.0,0
安樂區,房地(土地+建物),基隆市安樂區中和路168巷15弄1~30號,34.98,住,,,10304,土地4建物1車位0,四層,005,公寓(5樓含以下無電梯),住家用,鋼筋混凝土造,0840117,135.57,4,2,2,有,無,3400000,25081,,0.0,0
暖暖區,房地(土地+建物),基隆市暖暖區過港路241~270號,22.52,住,,,10304,土地1建物1車位0,三層,007,華廈(10層含以下有電梯),住家用,鋼筋混凝土造,0870309,128.41,4,2,2,有,有,4500000,35044,,0.0,0
安樂區,房地(土地+建物),基隆市安樂區基金一路135巷61~90號,25.14,住,,,10304,土地2建物1車位0,三層,007,華廈(10層含以下有電梯),住家用,鋼筋混凝土造,0840519,112.41000000000001,3,2,2,有,有,4300000,38253,,0.0,0
暖暖區,房地(土地+建物)+車位,基隆市暖暖區源遠路151~180號,19.95,住,,,10304,土地1建物1車位1,十一層,016,住宅大樓(11層含以上有電梯),住家用,鋼筋混凝土造,0850309,141.29000000000002,2,2,2,有,有,4570000,32345,坡道平面,0.0,0
七堵區,土地,溪頭段421~450地號,320.25,住,,,10304,土地1建物0車位0,,,其他,,,,0.0,0,0,0,有,無,17440200,54458,,0.0,0
安樂區,房地(土地+建物)+車位,基隆市安樂區安和二街31~60號,28.63,住,,,10304,土地1建物1車位1,一層,012,住宅大樓(11層含以上有電梯),住家用,鋼筋混凝土造,0980310,201.04,0,0,0,無,有,11300000,56208,坡道平面,0.0,0
安樂區,房地(土地+建物),基隆市安樂區麥金路151~180號,11.98,住,,,10304,土地8建物1車位0,三層,012,住宅大樓(11層含以上有電梯),住家用,鋼筋混凝土造,0860718,101.96000000000001,3,1,2,有,有,4500000,44135,,0.0,0
安樂區,房地(土地+建物),基隆市安樂區武聖街49巷1~30號,153.0,住,,,10304,土地1建物1車位0,全,003,透天厝,見其他登記事項,鋼筋混凝土造,1021022,255.93,3,3,3,有,無,15200000,59391,,0.0,0
中正區,房地(土地+建物),基隆市中正區中正路656巷61~90號,25.2,住,,,10304,土地2建物1車位0,五層,005,公寓(5樓含以下無電梯),住家用,鋼筋混凝土加強磚造,0670124,60.87,1,1,1,有,無,1050000,17250,,0.0,0
信義區,房地(土地+建物),基隆市信義區義六路34巷1~30號,29.25,住,,,10303,土地1建物1車位0,三層,004,公寓(5樓含以下無電梯),住家用,加強磚造,0570829,73.62,3,2,2,有,無,3750000,50937,,0.0,0
信義區,房地(土地+建物),基隆市信義區深溪路36巷102弄61~90號,20.26,住,,,10303,土地1建物1車位0,三層,007,華廈(10層含以下有電梯),住家用,鋼筋混凝土造,0880120,110.13,3,2,2,有,有,3550000,32235,,0.0,0
信義區,房地(土地+建物)+車位,基隆市信義區義六路1~30號,38.8,住,,,10304,土地1建物1車位2,二十二層,024,住宅大樓(11層含以上有電梯),住家用,鋼筋混凝土造,1030314,272.12,4,2,2,有,有,20200000,78447,坡道平面,49.04,2700000
信義區,房地(土地+建物)+車位,基隆市信義區義六路1~30號,56.87,住,,,10304,土地1建物1車位2,五層,024,住宅大樓(11層含以上有電梯),住家用,鋼筋混凝土造,1030314,386.3,4,2,4,有,有,27480000,73771,坡道平面,49.04,2600000
信義區,房地(土地+建物)+車位,基隆市信義區義六路1~30號,44.09,住,,,10304,土地1建物1車位2,二十一層,024,住宅大樓(11層含以上有電梯),住家用,鋼筋混凝土造,1030314,305.52,4,2,3,有,有,29300000,104492,坡道平面,49.04,2500000
中正區,房地(土地+建物),基隆市中正區新豐街211~240號,5.64,住,,,10303,土地1建物1車位0,三層,023,套房(1房1廳1衛),住家用,鋼筋混凝土造,0851129,30.900000000000002,1,1,1,有,有,1000000,32362,,0.0,0
中正區,房地(土地+建物),基隆市中正區新豐街303巷11弄31~60號,33.46,住,,,10304,土地1建物1車位0,二層,005,公寓(5樓含以下無電梯),住家用,鋼筋混凝土造,0851119,106.35,3,2,2,有,無,3000000,28209,,0.0,0
仁愛區,房地(土地+建物),基隆市仁愛區華三街1~30號,13.79,其他,,,10304,土地1建物1車位0,四層,012,住宅大樓(11層含以上有電梯),國民住宅,鋼筋混凝土造,0721205,96.46000000000001,3,2,2,有,有,4500000,46651,,0.0,0
中正區,房地(土地+建物),基隆市中正區和平街1~30號,16.6,住,,,10304,土地1建物1車位0,四層,5,公寓(5樓含以下無電梯),住家用,鋼筋混凝土加強磚造,0671125,52.72,2,1,1,有,無,900000,17071,,0.0,0
仁愛區,房地(土地+建物),基隆市仁愛區仁二路119巷1~30號,20.25,住,,,10304,土地1建物1車位0,四層,004,公寓(5樓含以下無電梯),住家用,加強磚造,0580419,70.75,3,1,1,有,無,2700000,38163,,0.0,0
中正區,房地(土地+建物),基隆市中正區新豐街331~360號,12.58,住,,,10305,土地2建物1車位0,六層,012,住宅大樓(11層含以上有電梯),住家用,鋼筋混凝土造,0850711,67.13,2,1,1,有,有,2150000,32027,,0.0,0
仁愛區,房地(土地+建物),基隆市仁愛區龍安街151~180號,47.0,其他,,,10304,土地4建物1車位0,全,001,透天厝,住家用,磚造,0421201,46.76,2,2,1,有,無,3800000,81266,,0.0,0
信義區,房地(土地+建物),基隆市信義區東明路77巷70弄1~30號,28.25,住,,,10304,土地2建物1車位0,一層,004,公寓(5樓含以下無電梯),住家用,鋼筋混凝土加強磚造,0660622,73.98,3,1,1,有,無,3630000,49067,,0.0,0
中正區,房地(土地+建物),基隆市中正區新豐街241~270號,5.35,住,,,10305,土地1建物1車位0,二十一層,023,套房(1房1廳1衛),住家用,鋼筋混凝土造,0851129,27.03,1,1,1,有,有,1150000,42545,,0.0,0
信義區,土地,深澳坑段槓子寮小段301~330地號,167.62,住,,,10304,土地1建物0車位0,,,其他,,,,0.0,0,0,0,有,無,8600000,51307,,0.0,0
信義區,房地(土地+建物)+車位,基隆市信義區義六路1~30號,58.19,住,,,10304,土地1建物1車位3,十六層,024,住宅大樓(11層含以上有電梯),住家用,鋼筋混凝土造,1030314,410.78,4,2,4,有,有,31300000,80808,坡道平面,73.56,4050000
中正區,車位,基隆市中正區新豐街271~300號,0.0,,,,10305,土地0建物0車位1,,,其他,,,,36.84,0,0,0,有,有,384000,,坡道平面,36.84,384000
仁愛區,車位,基隆市仁愛區仁一路241~270號,0.15,商,,,10304,土地0建物0車位1,,,其他,,,,29.77,0,0,0,有,有,2080000,,坡道平面,29.77,2080000
仁愛區,房地(土地+建物),基隆市仁愛區仁一路241~270號,7.4,商,,,10304,土地2建物1車位0,七層,031,住宅大樓(11層含以上有電梯),住家用,鋼骨鋼筋混凝土造,0970204,134.19,3,2,2,有,有,11550000,86072,,0.0,0
信義區,房地(土地+建物)+車位,基隆市信義區東信路236巷31~60號,42.24,住,,,10303,土地1建物1車位1,五層,005,公寓(5樓含以下無電梯),住家用,鋼筋混凝土造,0830416,169.91,4,2,3,有,有,4950000,29133,坡道平面,0.0,0
信義區,房地(土地+建物),基隆市信義區信二路121~150號,20.9,住,,,10304,土地3建物1車位0,三層,005,公寓(5樓含以下無電梯),住家用,鋼筋混凝土造,0680228,54.79,3,1,1,有,無,1200000,21902,,0.0,0
信義區,房地(土地+建物),基隆市信義區東信路180巷31~60號,28.35,住,,,10304,土地1建物1車位0,四層,005,公寓(5樓含以下無電梯),住家用,鋼筋混凝土加強磚造,0670712,99.89,3,2,1,有,無,2375000,23776,,0.0,0
信義區,房地(土地+建物)+車位,基隆市信義區義六路1~30號,44.09,住,,,10304,土地1建物1車位2,二十層,024,住宅大樓(11層含以上有電梯),住家用,鋼筋混凝土造,1030314,305.52,4,2,3,有,有,22100000,76419,坡道平面,49.04,2500000
信義區,房地(土地+建物)+車位,基隆市信義區義六路1~30號,56.87,住,,,10304,土地1建物1車位3,二十四層，見其他登記事項,024,住宅大樓(11層含以上有電梯),住家用,鋼筋混凝土造,1030314,396.21,4,2,3,有,有,28800000,77796,坡道平面,73.56,3700000
信義區,房地(土地+建物)+車位,基隆市信義區義六路1~30號,58.19,住,,,10304,土地1建物1車位3,二十二層,024,住宅大樓(11層含以上有電梯),住家用,鋼筋混凝土造,1030314,409.1,4,2,4,有,有,42500000,112360,坡道平面,73.56,4800000
信義區,房地(土地+建物)+車位,基隆市信義區義六路1~30號,57.75,住,,,10304,土地1建物1車位3,三層,024,住宅大樓(11層含以上有電梯),住家用,鋼筋混凝土造,1030314,411.41999999999996,4,2,4,有,有,29880000,77636,坡道平面,73.56,3650000
信義區,房地(土地+建物)+車位,基隆市信義區義六路1~30號,37.91,住,,,10304,土地1建物1車位1,十八層,024,住宅大樓(11層含以上有電梯),住家用,鋼筋混凝土造,1030314,248.01999999999998,4,2,2,有,有,21500000,90608,坡道平面,24.52,1250000
信義區,房地(土地+建物),基隆市信義區培德路1~30號,49.0,住,,,10303,土地1建物1車位0,全,002,透天厝,住家用,加強磚造,0541001,70.14,2,1,1,有,無,4250000,60593,,0.0,0
仁愛區,房地(土地+建物),基隆市仁愛區自來街31~60號,11.41,商,,,10304,土地3建物1車位0,一層，騎樓，夾層,005,店面(店鋪),見其他登記事項,鋼筋混凝土造,0751220,47.9,4,1,4,有,無,2930000,61169,,0.0,0
中正區,房地(土地+建物),基隆市中正區新豐街303巷12弄1~30號,112.24,住,,,10304,土地1建物1車位0,全,002,透天厝,住家用,加強磚造,0780703,134.93,3,1,1,有,有,7500000,55584,,0.0,0
信義區,房地(土地+建物)+車位,基隆市信義區義六路1~30號,48.05,住,,,10304,土地1建物1車位2,十二層,024,住宅大樓(11層含以上有電梯),住家用,鋼筋混凝土造,1030314,333.56,4,2,3,有,有,22850000,72051,坡道平面,49.04,2350000
中正區,房地(土地+建物),基隆市中正區新豐街303巷11弄1~30號,34.47,住,,,10304,土地1建物1車位0,五層,005,公寓(5樓含以下無電梯),住家用,鋼筋混凝土造,0851119,130.89000000000001,3,2,2,有,無,3300000,25212,,0.0,0
七堵區,房地(土地+建物),基隆市七堵區長安街233巷1~30號,34.37,住,,,10304,土地1建物1車位0,一層,005,華廈(10層含以下有電梯),住家用,鋼筋混凝土造,0850429,126.53999999999999,3,2,2,有,無,4500000,35562,,0.0,0
七堵區,房地(土地+建物)+車位,基隆市七堵區福六街31~60號,40.87,住,,,10304,土地1建物1車位1,二層,011,住宅大樓(11層含以上有電梯),見其他登記事項,鋼筋混凝土造,1011025,182.07999999999998,3,2,2,有,有,10820000,65756,坡道平面,31.98,950000
安樂區,房地(土地+建物)+車位,基隆市安樂區中和路85巷31~60號,17.07,住,,,10304,土地6建物1車位1,七層,011,住宅大樓(11層含以上有電梯),住家用,鋼筋混凝土造,0860508,98.67,3,2,2,有,有,3350000,33952,坡道平面,0.0,0
安樂區,房地(土地+建物),基隆市安樂區樂利三街121~150號,28.61,其他,,,10304,土地2建物1車位0,三層,005,公寓(5樓含以下無電梯),住家用,鋼筋混凝土造,0720210,80.82,3,2,2,有,無,2400000,29696,,0.0,0
安樂區,房地(土地+建物),基隆市安樂區安一路331~360號,21.23,住,,,10303,土地3建物1車位0,五層,005,公寓(5樓含以下無電梯),住家用,鋼筋混凝土造,0720719,89.94,3,1,1,有,無,950000,10563,,0.0,0
七堵區,房地(土地+建物),基隆市七堵區南興路63巷8弄1~30號,28.0,商,,,10304,土地1建物1車位0,四層,004,公寓(5樓含以下無電梯),住家用,鋼筋混凝土加強磚造,0651221,88.06,5,3,2,有,無,5400000,61322,,0.0,0
安樂區,房地(土地+建物),基隆市安樂區基金一路112巷110弄1~30號,11.69,住,,,10304,土地4建物1車位0,九層,012,住宅大樓(11層含以上有電梯),住家用,鋼筋混凝土造,0851126,81.65,2,2,1,有,有,2480000,30374,,0.0,0
安樂區,房地(土地+建物),基隆市安樂區定國街83巷1~30號,48.25,住,,,10305,土地2建物1車位0,四層,004,公寓(5樓含以下無電梯),住家用,鋼筋混凝土造,0661230,46.42,3,2,1,有,無,800000,17234,,0.0,0
暖暖區,房地(土地+建物),基隆市暖暖區暖暖街91~120號,21.8,住,,,10304,土地1建物1車位0,一層，騎樓，夾層,005,公寓(5樓含以下無電梯),見其他登記事項,鋼筋混凝土造,0860412,112.02000000000001,0,0,0,無,無,6100000,54455,,0.0,0
中山區,房地(土地+建物),基隆市中山區西定路331~360號,12.75,其他,,,10304,土地1建物1車位0,全,005,透天厝,住商用,鋼筋混凝土造,0830603,139.56,5,5,5,有,無,3500000,25079,,0.0,0
中山區,房地(土地+建物),基隆市中山區西定路331~360號,12.75,其他,,,10304,土地1建物1車位0,全,005,透天厝,住商用,鋼筋混凝土造,0830603,27.91,5,5,5,有,無,2000000,71659,,0.0,0
暖暖區,房地(土地+建物),基隆市暖暖區暖暖街530巷31~60號,18.16,商,,,10304,土地1建物1車位0,八層,009,華廈(10層含以下有電梯),住家用,鋼筋混凝土造,0831118,80.27,2,2,1,有,有,2800000,34882,,0.0,0
信義區,房地(土地+建物),基隆市信義區東信路91~120號,19.5,住,,,10304,土地1建物2車位0,三層,005,公寓(5樓含以下無電梯),住家用,鋼筋混凝土造,0690821,86.32,3,2,2,有,無,2500000,28962,,0.0,0
