¶mÂí¥«°Ï,¥æ©ö¼Ðªº,¤g¦a°Ï¬q¦ì¸m©Î«Øª«°ÏªùµP,¤g¦a²¾ÂàÁ`­±¿n¥­¤è¤½¤Ø,³£¥«¤g¦a¨Ï¥Î¤À°Ï,«D³£¥«¤g¦a¨Ï¥Î¤À°Ï,«D³£¥«¤g¦a¨Ï¥Î½s©w,¥æ©ö¦~¤ë,¥æ©öµ§´É¼Æ,²¾Âà¼h¦¸,Á`¼Ó¼h¼Æ,«Øª««¬ºA,¥D­n¥Î³~,¥D­n«Ø§÷,«Ø¿v§¹¦¨¦~¤ë,«Øª«²¾ÂàÁ`­±¿n¥­¤è¤½¤Ø,«Øª«²{ªp®æ§½-©Ð,«Øª«²{ªp®æ§½-ÆU,«Øª«²{ªp®æ§½-½Ã,«Øª«²{ªp®æ§½-¹j¶¡,¦³µLºÞ²z²ÕÂ´,Á`»ù¤¸,³æ»ù¨C¥­¤è¤½¤Ø,¨®¦ìÃþ§O,¨®¦ì²¾ÂàÁ`­±¿n¥­¤è¤½¤Ø,¨®¦ìÁ`»ù¤¸
¦µ¤l¥«,©Ð¦a(¤g¦a+«Øª«),¹Å¸q¿¤¦µ¤l¥«¤s³q¸ô24«Ñ1~30¸¹,24.39,¦í,,,10304,¤g¦a1«Øª«1¨®¦ì0,¥|¼h,007,µØ·H(10¼h§t¥H¤U¦³¹q±è),¦í®a¥Î,¿ûµ¬²V¾®¤g³y,0830512,85.44,3,2,2,¦³,¦³,2350000,27505,,0.0,0
ªF¥Û¶m,¤g¦a,®ß¤l±[¬q¤¤¬w¤p¬q451~480¦a¸¹,3036.0,,¤@¯ë¹A·~°Ï,¹Aªª¥Î¦a,10304,¤g¦a1«Øª«0¨®¦ì0,,,¨ä¥L,,,,0.0,0,0,0,¦³,µL,1700160,560,,0.0,0
¥Á¶¯¶m,¤g¦a,¤j¥C¶é¬q31~60¦a¸¹,2271.0,,¤@¯ë¹A·~°Ï,¹Aªª¥Î¦a,10212,¤g¦a10«Øª«0¨®¦ì0,,,¨ä¥L,,,,0.0,0,0,0,¦³,µL,3850000,1695,,0.0,0
¥Á¶¯¶m,©Ð¦a(¤g¦a+«Øª«)+¨®¦ì,¹Å¸q¿¤¥Á¶¯¶m¥_¤æ§ø36¾F·s¥¿¤­µó61~90¸¹,45.91,,¶m§ø°Ï,¤AºØ«Ø¿v¥Î¦a,10304,¤g¦a1«Øª«1¨®¦ì1,¤­¼h,005,¨ä¥L,¨£¨ä¥Lµn°O¨Æ¶µ,¿ûµ¬²V¾®¤g³y,0910725,146.72,3,2,2,¦³,¦³,1300000,8860,©Y¹D¥­­±,33.0,0
·s´ä¶m,¤g¦a,¤j«È¬q¤j«È¤p¬q121~150¦a¸¹,3519.0,,¯S©w¹A·~°Ï,¹Aªª¥Î¦a,10304,¤g¦a1«Øª«0¨®¦ì0,,,¨ä¥L,,,,0.0,0,0,0,¦³,µL,3500000,995,,0.0,0
¥Á¶¯¶m,©Ð¦a(¤g¦a+«Øª«),¹Å¸q¿¤¥Á¶¯¶mª÷¿³§ø19¾F¶°ºÖ¸ô32«Ñ31~60¸¹,153.3,¦í,,,10304,¤g¦a2«Øª«1¨®¦ì0,¥þ,002,³z¤Ñ­í,¦í®a¥Î,¿ûµ¬²V¾®¤g¥[±j¿j³y,0720423,90.39,3,2,2,¦³,µL,2530000,27990,,0.0,0
¥Á¶¯¶m,¤g¦a,¤û¤æ¤s¬q541~570¦a¸¹,7883.0,,¤@¯ë¹A·~°Ï,¹Aªª¥Î¦a,10303,¤g¦a3«Øª«0¨®¦ì0,,,¨ä¥L,,,,0.0,0,0,0,¦³,µL,10800000,1370,,0.0,0
¥Á¶¯¶m,©Ð¦a(¤g¦a+«Øª«),¹Å¸q¿¤¥Á¶¯¶m¤j±T§ø¤Q¥|¥Ò121~150¸¹,152.5,,¶m§ø°Ï,¤AºØ«Ø¿v¥Î¦a,10304,¤g¦a1«Øª«1¨®¦ì0,¥þ,002,³z¤Ñ­í,¦í®a¥Î,¿ûµ¬²V¾®¤g¥[±j¿j³y,0701226,113.5,5,2,2,¦³,µL,1850000,16300,,0.0,0
¤¤®H¶m,©Ð¦a(¤g¦a+«Øª«),¹Å¸q¿¤¤¤®H¶m´I¦¬§ø9¾FÉÜ¤º1~30¸¹,105.95,,¶m§ø°Ï,¤AºØ«Ø¿v¥Î¦a,10304,¤g¦a1«Øª«1¨®¦ì0,¤T¼h,005,µØ·H(10¼h§t¥H¤U¦³¹q±è),¦í®a¥Î,¿ûµ¬²V¾®¤g³y,0800514,325.68,3,1,2,¦³,µL,4000000,12282,,0.0,0
¤Ó«O¥«,©Ð¦a(¤g¦a+«Øª«),¹Å¸q¿¤¤Ó«OÉ]¦w¤¯¨½²»©M¤T¸ôªF¬q85«Ñ1~30¸¹,187.62,¦í,,,10304,¤g¦a5«Øª«1¨®¦ì0,¥þ,005,³z¤Ñ­í,¨£¨ä¥Lµn°O¨Æ¶µ,¿ûµ¬²V¾®¤g³y,0970804,557.0,15,1,15,¦³,µL,12700000,22801,,0.0,0
¤¤®H¶m,©Ð¦a(¤g¦a+«Øª«),¹Å¸q¿¤¤¤®H¶m©M¬ü§ø©M¬ü¸ô181~210¸¹,100.28,¦í,,,10304,¤g¦a1«Øª«1¨®¦ì0,¥þ,002,³z¤Ñ­í,¦í®a¥Î,¿ûµ¬²V¾®¤g¥[±j¿j³y,0691016,114.8,3,2,2,¦³,µL,4500000,39199,,0.0,0
¦Ë±T¶m,©Ð¦a(¤g¦a+«Øª«),¹Å¸q¿¤¦Ë±T¶mÆW¾ô§ø27¾F±T¸}31~60¸¹,68.91,,¤@¯ë¹A·~°Ï,¥ÒºØ«Ø¿v¥Î¦a,10304,¤g¦a1«Øª«1¨®¦ì0,¥þ,002,³z¤Ñ­í,¦í®a¥Î,¿ûµ¬²V¾®¤g¥[±j¿j³y,0700905,98.19,3,2,2,¦³,µL,2150000,21896,,0.0,0
±ö¤s¶m,¤g¦a,¥Í¤ò¾ð¬q1711~1740¦a¸¹,107.03,,´ËªL°Ï,¥æ³q¥Î¦a,10304,¤g¦a1«Øª«0¨®¦ì0,,,¨ä¥L,,,,0.0,0,0,0,¦³,µL,275067,2570,,0.0,0
±ö¤s¶m,©Ð¦a(¤g¦a+«Øª«),¹Å¸q¿¤±ö¤s¶m±öªF§øªF¿³µó91~120¸¹,82.0,¦í,,,10304,¤g¦a1«Øª«1¨®¦ì0,¥þ,002,³z¤Ñ­í,¦í®a¥Î,¿ûµ¬²V¾®¤g¥[±j¿j³y,0670123,111.62,4,3,3,¦³,µL,2720000,24368,,0.0,0
¦Ë±T¶m,¤g¦a,·Ë¤ß¬q1021~1050¦a¸¹,7105.27,,¤@¯ë¹A·~°Ï,¹Aªª¥Î¦a,10304,¤g¦a4«Øª«0¨®¦ì0,,,¨ä¥L,,,,0.0,0,0,0,¦³,µL,7100000,999,,0.0,0
¥Á¶¯¶m,©Ð¦a(¤g¦a+«Øª«),¹Å¸q¿¤¥Á¶¯¶m«Ø°ê¸ô¤T¬q124«Ñ1~30¸¹,62.5,¦í,,,10304,¤g¦a1«Øª«1¨®¦ì0,¥þ,002,³z¤Ñ­í,¦í®a¥Î,¿ûµ¬²V¾®¤g¥[±j¿j³y,0661015,93.59,4,2,2,¦³,µL,2350000,25110,,0.0,0
¤Ó«O¥«,¤g¦a,¥_·s¬q211~240¦a¸¹,75.78,¦í,,,10303,¤g¦a4«Øª«0¨®¦ì0,,,¨ä¥L,,,,0.0,0,0,0,¦³,µL,500000,6598,,0.0,0
¤¤®H¶m,©Ð¦a(¤g¦a+«Øª«),¹Å¸q¿¤¤¤®H¶mªZ¼wµó61«Ñ20§Ë1~30¸¹,101.47,¦í,,,10304,¤g¦a2«Øª«1¨®¦ì0,¥þ,002,³z¤Ñ­í,¦í°Ó¥Î,¿ûµ¬²V¾®¤g¥[±j¿j³y,0680929,103.06,4,2,2,¦³,µL,2530000,24549,,0.0,0
³À¯ó¶m,¤g¦a,¤¤¼d¬q331~360¦a¸¹,46.5,,¶m§ø°Ï,¤AºØ«Ø¿v¥Î¦a,10304,¤g¦a1«Øª«0¨®¦ì0,,,¨ä¥L,,,,0.0,0,0,0,¦³,µL,700000,15054,,0.0,0
¥Á¶¯¶m,¤g¦a,¤û¸Y·Ë¬q751~780¦a¸¹,638.0,,¯S©w¹A·~°Ï,¹Aªª¥Î¦a,10304,¤g¦a1«Øª«0¨®¦ì0,,,¨ä¥L,,,,0.0,0,0,0,¦³,µL,957000,1500,,0.0,0
¥Á¶¯¶m,¤g¦a,³»¼d¬q841~870¦a¸¹,3018.0,,¯S©w¹A·~°Ï,¹Aªª¥Î¦a,10304,¤g¦a1«Øª«0¨®¦ì0,,,¨ä¥L,,,,0.0,0,0,0,¦³,µL,18258900,6050,,0.0,0
¥Á¶¯¶m,¤g¦a,³»¼d¬q841~870¦a¸¹,1006.0,,¯S©w¹A·~°Ï,¹Aªª¥Î¦a,10304,¤g¦a1«Øª«0¨®¦ì0,,,¨ä¥L,,,,0.0,0,0,0,¦³,µL,6086300,6050,,0.0,0
·Ë¤f¶m,¤g¦a,´å­í¬q´å¦è¤p¬q181~210¦a¸¹,501.0,,¯S©w¹A·~°Ï,¹Aªª¥Î¦a,10304,¤g¦a2«Øª«0¨®¦ì0,,,¨ä¥L,,,,0.0,0,0,0,¦³,µL,600000,1198,,0.0,0
·Ë¤f¶m,¤g¦a,¬h¤l·¾¬q301~330¦a¸¹,26.71,,¶m§ø°Ï,¤AºØ«Ø¿v¥Î¦a,10302,¤g¦a1«Øª«0¨®¦ì0,,,¨ä¥L,,,,0.0,0,0,0,¦³,µL,96961,3630,,0.0,0
¥Á¶¯¶m,©Ð¦a(¤g¦a+«Øª«),¹Å¸q¿¤¥Á¶¯¶mªF´ò§ø20¾FªF¶Õ´ò1~30¸¹,93.92,,¯S©w¹A·~°Ï,¥ÒºØ«Ø¿v¥Î¦a,10303,¤g¦a1«Øª«1¨®¦ì0,¥þ,001,³z¤Ñ­í,¦í®a¥Î,¿ûµ¬²V¾®¤g¥[±j¿j³y,0701012,58.35,2,2,2,¦³,µL,750000,12853,,0.0,0
µf¸ô¶m,©Ð¦a(¤g¦a+«Øª«),¹Å¸q¿¤µf¸ô¶m¦¿¦è§ø6¾F¥­?1~30¸¹,5.92,¦í,,,10304,¤g¦a2«Øª«1¨®¦ì0,¤G¼h,018,¦í¦v¤j¼Ó(11¼h§t¥H¤W¦³¹q±è),¦í®a¥Î,¿ûµ¬²V¾®¤g³y,0820401,38.68,2,1,1,¦³,¦³,740000,19131,,0.0,0
¦Ë±T¶m,©Ð¦a(¤g¦a+«Øª«),¹Å¸q¿¤¦Ë±T¶m¦Ë±T§ø15¾F¥Á¥Í¸ô55«Ñ1~30¸¹,67.35,¦í,,,10304,¤g¦a2«Øª«1¨®¦ì0,¥þ,003,³z¤Ñ­í,¦í®a¥Î,¿ûµ¬²V¾®¤g³y,0800125,129.73,3,1,3,¦³,µL,1100000,8479,,0.0,0
¤ô¤W¶m,¤g¦a,¤U¼d·s¬q481~510¦a¸¹,5281.82,,¯S©w¹A·~°Ï,¹Aªª¥Î¦a,10304,¤g¦a2«Øª«0¨®¦ì0,,,¨ä¥L,,,,0.0,0,0,0,¦³,µL,14610000,2766,,0.0,0
¥Á¶¯¶m,©Ð¦a(¤g¦a+«Øª«),¹Å¸q¿¤¥Á¶¯¶m¤T¿³§ø¤T¿³¤Gµó1~30¸¹,105.39,¦í,,,10304,¤g¦a1«Øª«1¨®¦ì0,¥þ,004,³z¤Ñ­í,¦í®a¥Î,¿ûµ¬²V¾®¤g³y,1020509,191.99,4,2,4,¦³,µL,6700000,34898,,0.0,0
¥Á¶¯¶m,©Ð¦a(¤g¦a+«Øª«),¹Å¸q¿¤¥Á¶¯¶m¤T¿³§ø¤T¿³¤Gµó1~30¸¹,106.17,¦í,,,10304,¤g¦a1«Øª«1¨®¦ì0,¥þ,004,³z¤Ñ­í,¦í®a¥Î,¿ûµ¬²V¾®¤g³y,1020509,193.94,4,2,4,¦³,µL,6700000,34547,,0.0,0
¤¤®H¶m,¤g¦a,¥ÛÀY­í¬q211~240¦a¸¹,621.0,,¶m§ø°Ï,¤AºØ«Ø¿v¥Î¦a,10303,¤g¦a1«Øª«0¨®¦ì0,,,¨ä¥L,,,,0.0,0,0,0,¦³,µL,2200000,3543,,0.0,0
¤ô¤W¶m,¤g¦a,¤jÔ³§À¬q¤jÔ³¤p¬q61~90¦a¸¹,1626.0,,¯S©w¹A·~°Ï,¹Aªª¥Î¦a,10304,¤g¦a1«Øª«0¨®¦ì0,,,¨ä¥L,,,,0.0,0,0,0,¦³,µL,1463400,900,,0.0,0
¤ô¤W¶m,©Ð¦a(¤g¦a+«Øª«),¹Å¸q¿¤¤ô¤W¶m¥Û¥J¬û1~30¸¹,87.11,,¶m§ø°Ï,¤AºØ«Ø¿v¥Î¦a,10304,¤g¦a1«Øª«1¨®¦ì0,¥þ,003,³z¤Ñ­í,¦í®a¥Î,¿ûµ¬²V¾®¤g³y,0821217,128.29,4,1,3,¦³,µL,1350000,10523,,0.0,0
¤ô¤W¶m,©Ð¦a(¤g¦a+«Øª«),¹Å¸q¿¤¤ô¤W¶m¼e¤h§ø±T¤lÀY1~30¸¹,81.16,,¶m§ø°Ï,¤AºØ«Ø¿v¥Î¦a,10304,¤g¦a3«Øª«1¨®¦ì0,¥þ,005,³z¤Ñ­í,¨£¨ä¥Lµn°O¨Æ¶µ,¿ûµ¬²V¾®¤g³y,0850312,192.91,4,2,3,¦³,µL,4200000,21772,,0.0,0
¥Á¶¯¶m,©Ð¦a(¤g¦a+«Øª«),¹Å¸q¿¤¥Á¶¯¶m¥ú©ú¤@µó151~180¸¹,74.25,¦í,,,10304,¤g¦a1«Øª«1¨®¦ì0,¥þ,003,³z¤Ñ­í,¦í®a¥Î,¿ûµ¬²V¾®¤g³y,0890529,157.73,5,2,3,¦³,µL,1800000,11412,,0.0,0
¤Ó«O¥«,©Ð¦a(¤g¦a+«Øª«),¹Å¸q¿¤¤Ó«OÉ]¥_·s¨½13¾F¤¤¤s¸ô¤@¬q586«Ñ1~30¸¹,72.45,¦í,,,10303,¤g¦a1«Øª«1¨®¦ì0,¥þ,003,³z¤Ñ­í,¦í°Ó¥Î,¿ûµ¬²V¾®¤g¥[±j¿j³y,0711007,139.31,5,3,3,¦³,µL,2500000,17946,,0.0,0
¤¤®H¶m,©Ð¦a(¤g¦a+«Øª«),¹Å¸q¿¤¤¤®H¶mÆQ?§ø¤UÉÜ¥J61~90¸¹,146.05,,¤s©Y¦a«O¨|°Ï,¤þºØ«Ø¿v¥Î¦a,10304,¤g¦a1«Øª«1¨®¦ì0,¥þ,004,³z¤Ñ­í,¦í®a¥Î,¿ûµ¬²V¾®¤g³y,0840518,198.57,4,2,3,¦³,¦³,4000000,20144,,0.0,0
¤ô¤W¶m,©Ð¦a(¤g¦a+«Øª«),¹Å¸q¿¤¤ô¤W¶m¬hªL§ø9¾F¬h¤lªL31~60¸¹,74.97,,¤@¯ë¹A·~°Ï,¥ÒºØ«Ø¿v¥Î¦a,10304,¤g¦a1«Øª«1¨®¦ì0,¥þ,003,³z¤Ñ­í,¦í®a¥Î,¿ûµ¬²V¾®¤g¥[±j¿j³y,0720303,127.71,3,2,2,¦³,µL,1980000,15504,,0.0,0
¥Á¶¯¶m,¤g¦a,¤j¥C¶é¬q151~180¦a¸¹,2970.0,¹A,,,10304,¤g¦a1«Øª«0¨®¦ì0,,,¨ä¥L,,,,0.0,0,0,0,¦³,µL,17960000,6047,,0.0,0
·s´ä¶m,¤g¦a,·s¤ë¬Ü¼æ¬q1201~1230¦a¸¹,105.8,,¶m§ø°Ï,¤AºØ«Ø¿v¥Î¦a,10302,¤g¦a1«Øª«0¨®¦ì0,,,¨ä¥L,,,,0.0,0,0,0,¦³,µL,400000,3781,,0.0,0
·s´ä¶m,¤g¦a,µæ¤½­í¬qµæ¤½¤p¬q151~180¦a¸¹,488.0,,¯S©w¹A·~°Ï,¹Aªª¥Î¦a,10304,¤g¦a1«Øª«0¨®¦ì0,,,¨ä¥L,,,,0.0,0,0,0,¦³,µL,1260000,2582,,0.0,0
¤jªLÂí,¤g¦a,©úµØ¬q181~210¦a¸¹,276.04,¤u,,,10304,¤g¦a3«Øª«0¨®¦ì0,,,¨ä¥L,,,,0.0,0,0,0,¦³,µL,3748655,13580,,0.0,0
·s´ä¶m,¤g¦a,¤j¼æ¬q¥_¼æ¤p¬q151~180¦a¸¹,2878.0,,¯S©w¹A·~°Ï,¹Aªª¥Î¦a,10304,¤g¦a1«Øª«0¨®¦ì0,,,¨ä¥L,,,,0.0,0,0,0,¦³,µL,2244840,780,,0.0,0
¦µ¤l¥«,©Ð¦a(¤g¦a+«Øª«),¹Å¸q¿¤¦µ¤l¥«¤¯©M¤G¸ô133«Ñ1~30¸¹,21.82,¦í,,,10304,¤g¦a1«Øª«1¨®¦ì0,¤@¼h,008,©±­±(©±¾Q),°Ó·~¥Î,¿ûµ¬²V¾®¤g³y,0950828,91.12,1,1,1,¦³,¦³,2060000,22608,,0.0,0
¦µ¤l¥«,©Ð¦a(¤g¦a+«Øª«),¹Å¸q¿¤¦µ¤l¥«¤¯©M¤G¸ô133«Ñ1~30¸¹,21.13,¦í,,,10304,¤g¦a1«Øª«1¨®¦ì0,¤@¼h,008,©±­±(©±¾Q),°Ó·~¥Î,¿ûµ¬²V¾®¤g³y,0950828,90.44,1,1,1,¦³,¦³,2050000,22667,,0.0,0
¦µ¤l¥«,©Ð¦a(¤g¦a+«Øª«),¹Å¸q¿¤¦µ¤l¥«¤p?t·}¤­¸ô280«Ñ1~30¸¹,29.31,¦í,,,10304,¤g¦a1«Øª«2¨®¦ì0,¤@¼h,008,©±­±(©±¾Q),°Ó·~¥Î,¿ûµ¬²V¾®¤g³y,0950828,130.09,1,1,1,¦³,¦³,2950000,22677,,0.0,0
¥¬³UÂí,¤g¦a,µæçEúS¬q·s¦N¤p¬q601~630¦a¸¹,2434.0,,¤@¯ë¹A·~°Ï,¹Aªª¥Î¦a,10304,¤g¦a1«Øª«0¨®¦ì0,,,¨ä¥L,,,,0.0,0,0,0,¦³,µL,2200000,904,,0.0,0
¸q¦Ë¶m,¤g¦a,ªF«á¼d¬q¥úºa¤p¬q91~120¦a¸¹,3050.0,,¯S©w¹A·~°Ï,¹Aªª¥Î¦a,10304,¤g¦a1«Øª«0¨®¦ì0,,,¨ä¥L,,,,0.0,0,0,0,¦³,µL,2379000,780,,0.0,0
¦µ¤l¥«,¤g¦a,¤U¦Ë³ò¬q¨Î¥Ý¤p¬q631~660¦a¸¹,1270.0,¹A,,,10303,¤g¦a1«Øª«0¨®¦ì0,,,¨ä¥L,,,,0.0,0,0,0,¦³,µL,1580000,1244,,0.0,0
¥Á¶¯¶m,©Ð¦a(¤g¦a+«Øª«),¹Å¸q¿¤¥Á¶¯¶m¿³«n§øÀY¾ô751~780¸¹,21.19,¦í,,,10303,¤g¦a3«Øª«1¨®¦ì0,¤T¼h,007,µØ·H(10¼h§t¥H¤U¦³¹q±è),¦í®a¥Î,¿ûµ¬²V¾®¤g³y,0821214,109.19,3,2,2,¦³,µL,2280000,20881,,0.0,0
¤jªLÂí,©Ð¦a(¤g¦a+«Øª«),¹Å¸q¿¤¤jªLÂí¥­ªL¨½¤ô·½¸ô22«Ñ1~30¸¹,174.7,¦í,,,10304,¤g¦a2«Øª«1¨®¦ì0,¥þ,002,³z¤Ñ­í,¦í®a¥Î,¿ûµ¬²V¾®¤g¥[±j¿j³y,0670724,193.32,4,1,2,¦³,µL,3300000,17070,,0.0,0
¤Ó«O¥«,¤g¦a,¹Å·s¬q91~120¦a¸¹,2829.65,¦í,,,10303,¤g¦a3«Øª«0¨®¦ì0,,,¨ä¥L,,,,0.0,0,0,0,¦³,µL,35600000,12581,,0.0,0
¤ô¤W¶m,¤g¦a,¬h¤lªL¬q¬hªL¤p¬q151~180¦a¸¹,1003.0,,¯S©w¹A·~°Ï,¹Aªª¥Î¦a,10301,¤g¦a1«Øª«0¨®¦ì0,,,¨ä¥L,,,,0.0,0,0,0,¦³,µL,800000,798,,0.0,0
¤Ó«O¥«,©Ð¦a(¤g¦a+«Øª«),¹Å¸q¿¤¤Ó«OÉ]·s°ñ¨½·s°ñ181~210¸¹,303.0,,¯S©w¹A·~°Ï,¥ÒºØ«Ø¿v¥Î¦a,10305,¤g¦a1«Øª«1¨®¦ì0,¥þ,001,³z¤Ñ­í,¦í®a¥Î,¨£¨ä¥Lµn°O¨Æ¶µ,0600115,49.95,3,2,2,¦³,µL,4200000,84084,,0.0,0
¤Ó«O¥«,©Ð¦a(¤g¦a+«Øª«),¹Å¸q¿¤¤Ó«OÉ]ÂÂ°ñ¨½·s¦w¤Cµó31~60¸¹,76.0,,¶m§ø°Ï,¤AºØ«Ø¿v¥Î¦a,10304,¤g¦a1«Øª«1¨®¦ì0,¥þ,003,³z¤Ñ­í,¨£¨ä¥Lµn°O¨Æ¶µ,¿ûµ¬²V¾®¤g³y,0880531,132.56,3,2,3,¦³,µL,2900000,21877,,0.0,0
µf¸ô¶m,¤g¦a,ñF¤l¸}¬q121~150¦a¸¹,979.0,,¤@¯ë¹A·~°Ï,¹Aªª¥Î¦a,10304,¤g¦a1«Øª«0¨®¦ì0,,,¨ä¥L,,,,0.0,0,0,0,¦³,µL,1100000,1124,,0.0,0
±ö¤s¶m,¤g¦a,Às²´ªL¬q481~510¦a¸¹,2000.0,,¤s©Y¦a«O¨|°Ï,ªL·~¥Î¦a,10304,¤g¦a1«Øª«0¨®¦ì0,,,¨ä¥L,,,,0.0,0,0,0,¦³,µL,144000,72,,0.0,0
±ö¤s¶m,¤g¦a,Às²´ªL¬q481~510¦a¸¹,2022.0,,¤s©Y¦a«O¨|°Ï,ªL·~¥Î¦a,10304,¤g¦a1«Øª«0¨®¦ì0,,,¨ä¥L,,,,0.0,0,0,0,¦³,µL,150000,74,,0.0,0
¤ô¤W¶m,©Ð¦a(¤g¦a+«Øª«),¹Å¸q¿¤¤ô¤W¶m¼e¤h§ø±T¤lÀY1~30¸¹,101.02,,¶m§ø°Ï,¤AºØ«Ø¿v¥Î¦a,10304,¤g¦a1«Øª«1¨®¦ì0,¥þ,002,³z¤Ñ­í,¦í®a¥Î,¥[±j¿j³y,0820517,122.48,4,2,2,¦³,µL,2800000,22861,,0.0,0
¤¤®H¶m,¤g¦a,¥Ð¼d¬q91~120¦a¸¹,252.3,,¯S©w¹A·~°Ï,¥ÒºØ«Ø¿v¥Î¦a,10303,¤g¦a1«Øª«0¨®¦ì0,,,¨ä¥L,,,,0.0,0,0,0,¦³,µL,2600000,10305,,0.0,0
¤jªLÂí,¤g¦a,¤¤§|¬q361~390¦a¸¹,220.0,,,,10304,¤g¦a1«Øª«0¨®¦ì0,,,¨ä¥L,,,,0.0,0,0,0,¦³,µL,176000,800,,0.0,0
¦Ë±T¶m,¤g¦a,¦Ë±T¬q541~570¦a¸¹,6925.0,,¤s©Y¦a«O¨|°Ï,¹Aªª¥Î¦a,10304,¤g¦a1«Øª«0¨®¦ì0,,,¨ä¥L,,,,0.0,0,0,0,¦³,µL,3500000,505,,0.0,0
±ö¤s¶m,©Ð¦a(¤g¦a+«Øª«),¹Å¸q¿¤±ö¤s¶mÂù·Ë§ø2¾F¥~´ò1~30¸¹,17.5,,¤s©Y¦a«O¨|°Ï,¤þºØ«Ø¿v¥Î¦a,10303,¤g¦a1«Øª«1¨®¦ì0,¥þ,002,³z¤Ñ­í,¦í®a¥Î,¿ûµ¬²V¾®¤g¥[±j¿j³y,0731004,11.8,2,1,1,¦³,µL,50000,4237,,0.0,0
¥Á¶¯¶m,¤g¦a,ªL¤l§À¬q­««Ø¤p¬q211~240¦a¸¹,750.0,,¤@¯ë¹A·~°Ï,¹Aªª¥Î¦a,10304,¤g¦a1«Øª«0¨®¦ì0,,,¨ä¥L,,,,0.0,0,0,0,¦³,µL,1580000,2107,,0.0,0
¤¤®H¶m,©Ð¦a(¤g¦a+«Øª«),¹Å¸q¿¤¤¤®H¶m´I¦¬§ø¿³¤Æ³¡6«Ñ91~120¸¹,89.36,,¶m§ø°Ï,¤AºØ«Ø¿v¥Î¦a,10304,¤g¦a1«Øª«1¨®¦ì0,¥þ,001,³z¤Ñ­í,¦í®a¥Î,¿j³y,0690528,65.84,3,2,1,¦³,µL,1550000,23542,,0.0,0
±ö¤s¶m,¤g¦a,±öªF¬q1351~1380¦a¸¹,162.0,°Ó,,,10304,¤g¦a1«Øª«0¨®¦ì0,,,¨ä¥L,,,,0.0,0,0,0,¦³,µL,12250000,75617,,0.0,0
¤ô¤W¶m,¤g¦a,²Ê·Ë¬q²Ê·Ë¤p¬q181~210¦a¸¹,4542.0,¹A,,,10303,¤g¦a1«Øª«0¨®¦ì0,,,¨ä¥L,,,,0.0,0,0,0,¦³,µL,16487400,3630,,0.0,0
±ö¤s¶m,¤g¦a,±ö¥_¬q1351~1380¦a¸¹,2261.0,¹A,,,10304,¤g¦a1«Øª«0¨®¦ì0,,,¨ä¥L,,,,0.0,0,0,0,¦³,µL,5471620,2420,,0.0,0
±ö¤s¶m,©Ð¦a(¤g¦a+«Øª«),¹Å¸q¿¤±ö¤s¶m±ö¥_§ø·s¿³¸ô392«Ñ91~120¸¹,97.0,¦í,,,10304,¤g¦a1«Øª«1¨®¦ì0,¥þ,002,³z¤Ñ­í,¨£¨ä¥Lµn°O¨Æ¶µ,¨£¨ä¥Lµn°O¨Æ¶µ,0680831,115.62,4,2,2,¦³,µL,1039500,8991,,0.0,0
±ö¤s¶m,¤g¦a,±ö«n¬q721~750¦a¸¹,145.0,¦í,,,10304,¤g¦a1«Øª«0¨®¦ì0,,,¨ä¥L,,,,0.0,0,0,0,¦³,µL,900000,6207,,0.0,0
¤¤®H¶m,©Ð¦a(¤g¦a+«Øª«),¹Å¸q¿¤¤¤®H¶m©M¬ü§ø©¾«Hµó61~90¸¹,87.84,¦í,,,10303,¤g¦a0«Øª«1¨®¦ì0,¥þ,003,³z¤Ñ­í,¨£¨ä¥Lµn°O¨Æ¶µ,¿ûµ¬²V¾®¤g³y,0980515,164.37,4,3,3,¦³,µL,7300000,44412,,0.0,0
¥¬³UÂí,¤g¦a,·s¥Í¬q61~90¦a¸¹,283.5,¦í,,,10304,¤g¦a3«Øª«0¨®¦ì0,,,¨ä¥L,,,,0.0,0,0,0,¦³,µL,1800000,6349,,0.0,0
¦µ¤l¥«,©Ð¦a(¤g¦a+«Øª«),¹Å¸q¿¤¦µ¤l¥«¥«ªF¸ô1«Ñ1~30¸¹,16.0,¦í,,,10304,¤g¦a1«Øª«1¨®¦ì0,¤G¼h,007,µØ·H(10¼h§t¥H¤U¦³¹q±è),¦í®a¥Î,¿ûµ¬²V¾®¤g³y,0831115,93.43,3,2,1,¦³,¦³,1800000,19266,,0.0,0
¤ô¤W¶m,©Ð¦a(¤g¦a+«Øª«),¹Å¸q¿¤¤ô¤W¶m¬h¶m§ø10¾F¬h¤lªL481~510¸¹,69.84,,¶m§ø°Ï,¤AºØ«Ø¿v¥Î¦a,10304,¤g¦a1«Øª«1¨®¦ì0,¥þ,002,³z¤Ñ­í,¦í®a¥Î,¿ûµ¬²V¾®¤g¥[±j¿j³y,0680217,90.68,2,1,2,¦³,µL,1800000,19850,,0.0,0
¥Á¶¯¶m,©Ð¦a(¤g¦a+«Øª«),¹Å¸q¿¤¥Á¶¯¶m¤¤©M§øªÀ·¾31~60¸¹,78.0,,¯S©w¹A·~°Ï,¥ÒºØ«Ø¿v¥Î¦a,10304,¤g¦a1«Øª«1¨®¦ì0,¥þ,003,³z¤Ñ­í,¦í®a¥Î,¿ûµ¬²V¾®¤g³y,0821103,140.82,3,1,3,¦³,µL,1980000,14061,,0.0,0
¤¤®H¶m,¤g¦a,ªÀ¤f¬q31~60¦a¸¹,56.5,,¤s©Y¦a«O¨|°Ï,¤þºØ«Ø¿v¥Î¦a,10303,¤g¦a1«Øª«0¨®¦ì0,,,¨ä¥L,,,,0.0,0,0,0,¦³,µL,39550,700,,0.0,0
¥Á¶¯¶m,¤g¦a,¦Ë¤lŽñ¬q61~90¦a¸¹,223.65,,¶m§ø°Ï,¤AºØ«Ø¿v¥Î¦a,10304,¤g¦a4«Øª«0¨®¦ì0,,,¨ä¥L,,,,0.0,0,0,0,¦³,µL,800000,3577,,0.0,0
¤¤®H¶m,¤g¦a,¦ËÀY±T¬q91~120¦a¸¹,1000.95,,¤s©Y¦a«O¨|°Ï,¹Aªª¥Î¦a,10304,¤g¦a1«Øª«0¨®¦ì0,,,¨ä¥L,,,,0.0,0,0,0,¦³,µL,90000,90,,0.0,0
¤¤®H¶m,¤g¦a,¥ÛŽö¬q241~270¦a¸¹,12638.0,,¤s©Y¦a«O¨|°Ï,¹Aªª¥Î¦a,10305,¤g¦a1«Øª«0¨®¦ì0,,,¨ä¥L,,,,0.0,0,0,0,¦³,µL,2000000,158,,0.0,0
¥Á¶¯¶m,¤g¦a,ªQ¤l¸}¬q271~300¦a¸¹,4997.0,,¤@¯ë¹A·~°Ï,¹Aªª¥Î¦a,10304,¤g¦a1«Øª«0¨®¦ì0,,,¨ä¥L,,,,0.0,0,0,0,¦³,µL,3790000,758,,0.0,0
·s´ä¶m,¤g¦a,¤¤¤u¬q31~60¦a¸¹,298.0,,¤u·~°Ï,¤BºØ«Ø¿v¥Î¦a,10303,¤g¦a1«Øª«0¨®¦ì0,,,¨ä¥L,,,,0.0,0,0,0,¦³,µL,2250000,7550,,0.0,0
¥¬³UÂí,©Ð¦a(¤g¦a+«Øª«),¹Å¸q¿¤¥¬³UÂí·s¥_¤Tµó91~120¸¹,102.53,¦í,,,10304,¤g¦a1«Øª«1¨®¦ì0,¥þ,003,³z¤Ñ­í,¦í°Ó¥Î,¿ûµ¬²V¾®¤g³y,0800418,124.09,4,1,2,¦³,µL,1580000,12733,,0.0,0
ªF¥Û¶m,¤g¦a,¤U´¥¤l¼d¬q¤U´¥¤p¬q61~90¦a¸¹,195.0,,¤@¯ë¹A·~°Ï,¹Aªª¥Î¦a,10304,¤g¦a1«Øª«0¨®¦ì0,,,¨ä¥L,,,,0.0,0,0,0,¦³,µL,100000,513,,0.0,0
¦µ¤l¥«,©Ð¦a(¤g¦a+«Øª«)+¨®¦ì,¹Å¸q¿¤¦µ¤l¥«¥|ºû¸ô¤@¬q584«Ñ1~30¸¹,13.57,°Ó,,,10304,¤g¦a1«Øª«1¨®¦ì1,¤T¼h,014,¦í¦v¤j¼Ó(11¼h§t¥H¤W¦³¹q±è),¦í®a¥Î,¿ûµ¬²V¾®¤g³y,0850815,153.7,3,2,2,¦³,¦³,2800000,18217,¤É­°¾÷±ñ,0.0,0
¦µ¤l¥«,©Ð¦a(¤g¦a+«Øª«),¹Å¸q¿¤¦µ¤l¥«¥|ºû¸ô¤@¬q124«Ñ1~30¸¹,88.0,¦í,,,10304,¤g¦a1«Øª«1¨®¦ì0,¤@¼h¡A¤G¼h,002,©±­±(©±¾Q),¦í°Ó¥Î,¿ûµ¬²V¾®¤g¥[±j¿j³y,0731231,95.68,4,2,3,¦³,µL,800000,8361,,0.0,0
¦µ¤l¥«,©Ð¦a(¤g¦a+«Øª«),¹Å¸q¿¤¦µ¤l¥«¹Å¦µ¸ô¦è¬q31~60¸¹,146.32,¦í,,,10303,¤g¦a9«Øª«2¨®¦ì0,¤@¼h¡A¤G¼h¡A¤T¼h¡A¥|¼h,004,©±­±(©±¾Q),¦í°Ó¥Î,¿ûµ¬²V¾®¤g³y,0981111,222.01,3,3,5,¦³,¦³,8200000,36935,,0.0,0
¤»¸}¶m,¤g¦a,´ä§À¼d¬qÂ×¬ü¤p¬q31~60¦a¸¹,1332.0,,¯S©w¹A·~°Ï,¹Aªª¥Î¦a,10304,¤g¦a1«Øª«0¨®¦ì0,,,¨ä¥L,,,,0.0,0,0,0,¦³,µL,732600,550,,0.0,0
¦µ¤l¥«,¤g¦a,¼w¦w¬q631~660¦a¸¹,21.0,¦í,,,10304,¤g¦a1«Øª«0¨®¦ì0,,,¨ä¥L,,,,0.0,0,0,0,¦³,µL,378000,18000,,0.0,0
¤»¸}¶m,¤g¦a,´ä§À¼d¬qÂ×¬ü¤p¬q751~780¦a¸¹,1560.88,,¯S©w¹A·~°Ï,¹Aªª¥Î¦a,10304,¤g¦a2«Øª«0¨®¦ì0,,,¨ä¥L,,,,0.0,0,0,0,¦³,µL,1560800,1000,,0.0,0
·s´ä¶m,¤g¦a,®üÂ×¤l¬q®üÂ×¤p¬q211~240¦a¸¹,4091.0,,¯S©w¹A·~°Ï,¹Aªª¥Î¦a,10304,¤g¦a2«Øª«0¨®¦ì0,,,¨ä¥L,,,,0.0,0,0,0,¦³,µL,2211500,541,,0.0,0
·s´ä¶m,©Ð¦a(¤g¦a+«Øª«),¹Å¸q¿¤·s´ä¶mµæ¤½§ø«r¥J¦Ë31~60¸¹,86.0,,¯S©w¹A·~°Ï,¥ÒºØ«Ø¿v¥Î¦a,10303,¤g¦a3«Øª«1¨®¦ì0,¥þ,002,³z¤Ñ­í,¦í°Ó¥Î,¿ûµ¬²V¾®¤g¥[±j¿j³y,0690804,115.33,3,2,2,¦³,µL,2600000,22544,,0.0,0
¥Á¶¯¶m,©Ð¦a(¤g¦a+«Øª«),¹Å¸q¿¤¥Á¶¯¶m?ºÖ§ø11¾F?ºÖ61~90¸¹,76.5,¦í,,,10304,¤g¦a1«Øª«1¨®¦ì0,¥þ,004,³z¤Ñ­í,¦í®a¥Î,¿ûµ¬²V¾®¤g³y,0950904,169.31,10,3,10,¦³,µL,5870000,34670,,0.0,0
¥Á¶¯¶m,©Ð¦a(¤g¦a+«Øª«),¹Å¸q¿¤¥Á¶¯¶m¨qªL§ø¤õ¬´®H1~30¸¹,2920.97,,¤@¯ë¹A·~°Ï,¹Aªª¥Î¦a,10304,¤g¦a4«Øª«1¨®¦ì0,¤@¼h¡A¤G¼h,002,¹AªÙ,¹AªÙ,¿û³y,0840303,367.12,3,2,2,¦³,µL,19000000,,,0.0,0
¥Á¶¯¶m,©Ð¦a(¤g¦a+«Øª«),¹Å¸q¿¤¥Á¶¯¶mºÖ¼Ö§ø¥ú©ú¤»µó1~30¸¹,83.0,¦í,,,10304,¤g¦a1«Øª«1¨®¦ì0,¥þ,003,³z¤Ñ­í,¨£¨ä¥Lµn°O¨Æ¶µ,¿ûµ¬²V¾®¤g³y,1021023,178.7,4,3,3,¦³,µL,6400000,35814,,0.0,0
¥Á¶¯¶m,©Ð¦a(¤g¦a+«Øª«),¹Å¸q¿¤¥Á¶¯¶m¿³«n§ø21¾FÀY¾ô751~780¸¹,24.92,¦í,,,10304,¤g¦a3«Øª«1¨®¦ì0,¤T¼h,007,µØ·H(10¼h§t¥H¤U¦³¹q±è),¦í®a¥Î,¿ûµ¬²V¾®¤g³y,0821214,124.07000000000001,4,2,2,¦³,¦³,1600000,12896,,0.0,0
¤ô¤W¶m,¤g¦a,¤¤ÉÜ¬q1591~1620¦a¸¹,55.13,,¶m§ø°Ï,¤AºØ«Ø¿v¥Î¦a,10305,¤g¦a1«Øª«0¨®¦ì0,,,¨ä¥L,,,,0.0,0,0,0,¦³,µL,180000,3265,,0.0,0
¤Ó«O¥«,¤g¦a,°ñ¶m¬q841~870¦a¸¹,231.09,¹A,,,10304,¤g¦a1«Øª«0¨®¦ì0,,,¨ä¥L,,,,0.0,0,0,0,¦³,µL,1000000,4327,,0.0,0
·s´ä¶m,©Ð¦a(¤g¦a+«Øª«),¹Å¸q¿¤·s´ä¶m¤¤¬v§ø3¾F¤¤¬v¤l¸ô31~60¸¹,946.0,,¶m§ø°Ï,¤AºØ«Ø¿v¥Î¦a,10304,¤g¦a1«Øª«1¨®¦ì0,¥þ,003,³z¤Ñ­í,¦í®a¥Î,¿ûµ¬²V¾®¤g³y,0831230,334.32,4,2,2,¦³,µL,9600000,28715,,0.0,0
¤ô¤W¶m,¤g¦a,¤Q¤@«ü­í¬q¦`¦è¤p¬q631~660¦a¸¹,1234.0,,¯S©w¹A·~°Ï,¹Aªª¥Î¦a,10304,¤g¦a1«Øª«0¨®¦ì0,,,¨ä¥L,,,,0.0,0,0,0,¦³,µL,2500000,2026,,0.0,0
¤ô¤W¶m,©Ð¦a(¤g¦a+«Øª«),¹Å¸q¿¤¤ô¤W¶m¤ô¤W§ø¥~ªLµó31~60¸¹,110.43,¦í,,,10304,¤g¦a1«Øª«1¨®¦ì0,¥þ,001,³z¤Ñ­í,¦í®a¥Î,¦Ë³y,0171001,35.26,2,2,1,¦³,µL,1336000,37890,,0.0,0
¤Ó«O¥«,©Ð¦a(¤g¦a+«Øª«),¹Å¸q¿¤¤Ó«OÉ]³Â¼d¨½¥_´ä¸ô¤G¬q391~420¸¹,100.05,¦í,,,10304,¤g¦a1«Øª«1¨®¦ì0,¥þ,004,³z¤Ñ­í,¦í°Ó¥Î,¿ûµ¬²V¾®¤g³y,0800320,235.2,5,2,3,¦³,µL,6500000,27636,,0.0,0
¤¤®H¶m,¤g¦a,§d»ñ¼q¬q1171~1200¦a¸¹,3.45,¹A,,,10304,¤g¦a1«Øª«0¨®¦ì0,,,¨ä¥L,,,,0.0,0,0,0,¦³,µL,5520,1600,,0.0,0
¤¤®H¶m,¤g¦a,§d»ñ¼q¬q1171~1200¦a¸¹,3.31,¹A,,,10304,¤g¦a1«Øª«0¨®¦ì0,,,¨ä¥L,,,,0.0,0,0,0,¦³,µL,5296,1600,,0.0,0
¤¤®H¶m,¤g¦a,§d»ñ¼q¬q1171~1200¦a¸¹,3.5,¹A,,,10304,¤g¦a1«Øª«0¨®¦ì0,,,¨ä¥L,,,,0.0,0,0,0,¦³,µL,5600,1600,,0.0,0
¤¤®H¶m,¤g¦a,§d»ñ¼q¬q1171~1200¦a¸¹,3.5,¹A,,,10304,¤g¦a1«Øª«0¨®¦ì0,,,¨ä¥L,,,,0.0,0,0,0,¦³,µL,5600,1600,,0.0,0
¤¤®H¶m,¤g¦a,§d»ñ¼q¬q1171~1200¦a¸¹,3.5,¹A,,,10304,¤g¦a1«Øª«0¨®¦ì0,,,¨ä¥L,,,,0.0,0,0,0,¦³,µL,5600,1600,,0.0,0
¤¤®H¶m,¤g¦a,§d»ñ¼q¬q1171~1200¦a¸¹,4.1,¹A,,,10304,¤g¦a1«Øª«0¨®¦ì0,,,¨ä¥L,,,,0.0,0,0,0,¦³,µL,6560,1600,,0.0,0
¤ô¤W¶m,¤g¦a,«n¹t¬q«n©M¤p¬q631~660¦a¸¹,3227.0,,¯S©w¹A·~°Ï,¹Aªª¥Î¦a,10304,¤g¦a2«Øª«0¨®¦ì0,,,¨ä¥L,,,,0.0,0,0,0,¦³,µL,2689000,833,,0.0,0
¤ô¤W¶m,¤g¦a,¸q¿³¬q1381~1410¦a¸¹,1230.0,,¯S©w¹A·~°Ï,¹Aªª¥Î¦a,10304,¤g¦a1«Øª«0¨®¦ì0,,,¨ä¥L,,,,0.0,0,0,0,¦³,µL,1550000,1260,,0.0,0
·s´ä¶m,¤g¦a,·s¤ë¬Ü¼æ¬q451~480¦a¸¹,363.45,,¯S©w¹A·~°Ï,¤ô§Q¥Î¦a,10304,¤g¦a1«Øª«0¨®¦ì0,,,¨ä¥L,,,,0.0,0,0,0,¦³,µL,218000,600,,0.0,0
¤ô¤W¶m,©Ð¦a(¤g¦a+«Øª«),¹Å¸q¿¤¤ô¤W¶m¤ô¤W§ø¤»¦Xµó1~30¸¹,141.0,,¶m§ø°Ï,¤AºØ«Ø¿v¥Î¦a,10304,¤g¦a1«Øª«1¨®¦ì0,¥þ,002,³z¤Ñ­í,¦í®a¥Î,¿ûµ¬²V¾®¤g¥[±j¿j³y,0710910,97.0,2,1,2,¦³,µL,2300000,23711,,0.0,0
¤Ó«O¥«,¤g¦a,«á¼æ¬q«á¼æ¤p¬q721~750¦a¸¹,1341.0,,¯S©w¹A·~°Ï,¹Aªª¥Î¦a,10304,¤g¦a1«Øª«0¨®¦ì0,,,¨ä¥L,,,,0.0,0,0,0,¦³,µL,1300000,969,,0.0,0
¤ô¤W¶m,¤g¦a,·Ë¦w¬q421~450¦a¸¹,300.84,,¶m§ø°Ï,¤AºØ«Ø¿v¥Î¦a,10304,¤g¦a1«Øª«0¨®¦ì0,,,¨ä¥L,,,,0.0,0,0,0,¦³,µL,1000000,3324,,0.0,0
¤¤®H¶m,©Ð¦a(¤g¦a+«Øª«),¹Å¸q¿¤¤¤®H¶m©M·ü§ø«áÉÜ1~30¸¹,96.36,¦í,,,10304,¤g¦a1«Øª«1¨®¦ì0,¥þ,003,³z¤Ñ­í,¦í®a¥Î,¿ûµ¬²V¾®¤g¥[±j¿j³y,0701222,123.88,3,2,2,¦³,µL,3800000,30675,,0.0,0
±ö¤s¶m,¤g¦a,¹L¤s¬q121~150¦a¸¹,3996.0,,¤@¯ë¹A·~°Ï,¹Aªª¥Î¦a,10303,¤g¦a1«Øª«0¨®¦ì0,,,¨ä¥L,,,,0.0,0,0,0,¦³,µL,1860000,465,,0.0,0
¤jªLÂí,©Ð¦a(¤g¦a+«Øª«),¹Å¸q¿¤¤jªLÂí¥­ªL¨½¥Á¥Í¸ô511~540¸¹,119.9,¦í,,,10304,¤g¦a1«Øª«1¨®¦ì0,¥þ,003,³z¤Ñ­í,¨£¨ä¥Lµn°O¨Æ¶µ,¿ûµ¬²V¾®¤g³y,1030224,211.41,5,2,5,¦³,µL,10600000,50140,,0.0,0
¤jªLÂí,©Ð¦a(¤g¦a+«Øª«),¹Å¸q¿¤¤jªLÂí¥­ªL¨½¥Á¥Í¸ô511~540¸¹,119.89,¦í,,,10304,¤g¦a1«Øª«1¨®¦ì0,¥þ,003,³z¤Ñ­í,¨£¨ä¥Lµn°O¨Æ¶µ,¿ûµ¬²V¾®¤g³y,1030224,211.41,5,2,5,¦³,µL,10600000,50140,,0.0,0
¤¤®H¶m,©Ð¦a(¤g¦a+«Øª«),¹Å¸q¿¤¤¤®H¶m©M¿³§ø«áÉÜ39«Ñ91~120¸¹,79.56,¦í,,,10303,¤g¦a1«Øª«1¨®¦ì0,¥þ,4,³z¤Ñ­í,¦í®a¥Î,¿ûµ¬²V¾®¤g³y,0910816,170.0,5,2,3,¦³,µL,5400000,31765,,0.0,0
¤jªLÂí,©Ð¦a(¤g¦a+«Øª«),¹Å¸q¿¤¤jªLÂí¥­ªL¨½¤K¼wµó31~60¸¹,134.0,¦í,,,10304,¤g¦a1«Øª«1¨®¦ì0,¥þ,003,³z¤Ñ­í,¨£¨ä¥Lµn°O¨Æ¶µ,¿ûµ¬²V¾®¤g³y,1020722,276.22,4,2,3,¦³,µL,11000000,39823,,0.0,0
¥Á¶¯¶m,¤g¦a,µf¤l¬qµf¤l¤p¬q1171~1200¦a¸¹,369.08,,¶m§ø°Ï,¤AºØ«Ø¿v¥Î¦a,10303,¤g¦a3«Øª«0¨®¦ì0,,,¨ä¥L,,,,0.0,0,0,1,¦³,µL,900000,2438,,0.0,0
¤jªLÂí,¤g¦a,·s¤j®H¬ü¬q1201~1230¦a¸¹,97.48,,¶m§ø°Ï,¤AºØ«Ø¿v¥Î¦a,10304,¤g¦a1«Øª«0¨®¦ì0,,,¨ä¥L,,,,0.0,0,0,0,¦³,µL,1400000,14362,,0.0,0
¤¤®H¶m,©Ð¦a(¤g¦a+«Øª«),¹Å¸q¿¤¤¤®H¶m©M¿³§ø17¾F«áÉÜ39«Ñ271~300¸¹,99.29,¦í,,,10304,¤g¦a2«Øª«1¨®¦ì0,¥þ,002,³z¤Ñ­í,¦í°Ó¥Î,¿ûµ¬²V¾®¤g¥[±j¿j³y,0701017,89.63,3,1,3,¦³,µL,2500000,27892,,0.0,0
¤ô¤W¶m,¤g¦a,¤j±[¬q­«¹º¤p¬q661~690¦a¸¹,6000.0,,¯S©w¹A·~°Ï,¹Aªª¥Î¦a,10304,¤g¦a3«Øª«0¨®¦ì0,,,¨ä¥L,,,,0.0,0,0,0,¦³,µL,10890000,1815,,0.0,0
¤ô¤W¶m,©Ð¦a(¤g¦a+«Øª«),¹Å¸q¿¤¤ô¤W¶m¤ô¤W§ø¥«¬Fµó93«Ñ15§Ë1~30¸¹,129.44,¦í,,,10111,¤g¦a2«Øª«1¨®¦ì0,¥þ,004,³z¤Ñ­í,¦í®a¥Î,¿ûµ¬²V¾®¤g³y,1030116,194.55,5,2,4,¦³,µL,6780000,34850,,0.0,0
¤ô¤W¶m,©Ð¦a(¤g¦a+«Øª«),¹Å¸q¿¤¤ô¤W¶m¤ô¤W§ø¥«¬Fµó93«Ñ1~30¸¹,112.72,¦í,,,10112,¤g¦a1«Øª«1¨®¦ì0,¥þ,004,³z¤Ñ­í,¦í®a¥Î,¿ûµ¬²V¾®¤g³y,1030116,201.94,6,2,3,¦³,µL,7100000,35159,,0.0,0
¥Á¶¯¶m,©Ð¦a(¤g¦a+«Øª«),¹Å¸q¿¤¥Á¶¯¶m¥_¤æ§ø·s¥¿¤­µó31~60¸¹,45.91,,¶m§ø°Ï,¤AºØ«Ø¿v¥Î¦a,10304,¤g¦a1«Øª«1¨®¦ì0,¥|¼h,005,¤½´J(5¼Ó§t¥H¤UµL¹q±è),¨£¨ä¥Lµn°O¨Æ¶µ,¿ûµ¬²V¾®¤g³y,0910725,152.58,3,2,2,¦³,µL,2000000,13108,,0.0,0
·Ë¤f¶m,©Ð¦a(¤g¦a+«Øª«),¹Å¸q¿¤·Ë¤f¶m´åªF§ø´å­íÉÜ61~90¸¹,74.0,,¶m§ø°Ï,¤AºØ«Ø¿v¥Î¦a,10304,¤g¦a1«Øª«1¨®¦ì0,¥þ,003,³z¤Ñ­í,¦í°Ó¥Î,¿ûµ¬²V¾®¤g³y,0840113,141.02,0,0,0,µL,µL,920000,6524,,0.0,0
¥Á¶¯¶m,©Ð¦a(¤g¦a+«Øª«),¹Å¸q¿¤¥Á¶¯¶mÂ×¦¬§ø¤s¤l¸}91~120¸¹,61.87,¹A,,,10304,¤g¦a1«Øª«1¨®¦ì0,¥þ,002,³z¤Ñ­í,¦í®a¥Î,¿ûµ¬²V¾®¤g¥[±j¿j³y,0751105,106.89,2,2,2,¦³,µL,3000000,28066,,0.0,0
¥Á¶¯¶m,¤g¦a,ªF´ò¬q661~690¦a¸¹,232.98,,¯S©w¹A·~°Ï,¥ÒºØ«Ø¿v¥Î¦a,10304,¤g¦a1«Øª«0¨®¦ì0,,,¨ä¥L,,,,0.0,0,0,0,¦³,µL,1300000,5580,,0.0,0
¥¬³UÂí,¤g¦a,¹L·¾·s¬q991~1020¦a¸¹,6612.27,,¤@¯ë¹A·~°Ï,¾i´Þ¥Î¦a,10211,¤g¦a1«Øª«0¨®¦ì0,,,¨ä¥L,,,,0.0,0,0,0,¦³,µL,2644908,400,,0.0,0
¥¬³UÂí,¤g¦a,¹L·¾·s¬q991~1020¦a¸¹,975.56,,¤@¯ë¹A·~°Ï,¾i´Þ¥Î¦a,10211,¤g¦a1«Øª«0¨®¦ì0,,,¨ä¥L,,,,0.0,0,0,0,¦³,µL,390224,400,,0.0,0
¥¬³UÂí,¤g¦a,¹L·¾·s¬q991~1020¦a¸¹,27.47,,¤@¯ë¹A·~°Ï,¾i´Þ¥Î¦a,10304,¤g¦a1«Øª«0¨®¦ì0,,,¨ä¥L,,,,0.0,0,0,0,¦³,µL,10988,400,,0.0,0
¥¬³UÂí,¤g¦a,¹L·¾·s¬q991~1020¦a¸¹,1927.01,,¤@¯ë¹A·~°Ï,¾i´Þ¥Î¦a,10211,¤g¦a1«Øª«0¨®¦ì0,,,¨ä¥L,,,,0.0,0,0,0,¦³,µL,770804,400,,0.0,0
¥¬³UÂí,¤g¦a,¹L·¾·s¬q991~1020¦a¸¹,453.87,,¤@¯ë¹A·~°Ï,¾i´Þ¥Î¦a,10211,¤g¦a1«Øª«0¨®¦ì0,,,¨ä¥L,,,,0.0,0,0,0,¦³,µL,181548,400,,0.0,0
¸q¦Ë¶m,¤g¦a,·Ë¬w¬q¤W·Ë¤p¬q601~630¦a¸¹,2312.0,,¯S©w¹A·~°Ï,¹Aªª¥Î¦a,10304,¤g¦a1«Øª«0¨®¦ì0,,,¨ä¥L,,,,0.0,0,0,0,¦³,µL,1871762,810,,0.0,0
¸q¦Ë¶m,¤g¦a,·Ë¬w¬q¤W·Ë¤p¬q601~630¦a¸¹,2320.0,,¯S©w¹A·~°Ï,¹Aªª¥Î¦a,10304,¤g¦a1«Øª«0¨®¦ì0,,,¨ä¥L,,,,0.0,0,0,0,¦³,µL,1878238,810,,0.0,0
ªF¥Û¶m,¤g¦a,³»ªF¥Û¬q¾¤©ú¤p¬q31~60¦a¸¹,1421.49,,¯S©w±M¥Î°Ï,¥ÒºØ«Ø¿v¥Î¦a,10302,¤g¦a1«Øª«0¨®¦ì0,,,¨ä¥L,,,,0.0,0,0,0,¦³,µL,9002050,6333,,0.0,0
ªF¥Û¶m,¤g¦a,³»ªF¥Û¬q¾¤©ú¤p¬q31~60¦a¸¹,740.04,,¯S©w±M¥Î°Ï,¥ÒºØ«Ø¿v¥Î¦a,10302,¤g¦a1«Øª«0¨®¦ì0,,,¨ä¥L,,,,0.0,0,0,0,¦³,µL,4522014,6110,,0.0,0
ªF¥Û¶m,¤g¦a,³»ªF¥Û¬q¾¤©ú¤p¬q31~60¦a¸¹,826.45,,¯S©w±M¥Î°Ï,¥ÒºØ«Ø¿v¥Î¦a,10302,¤g¦a1«Øª«0¨®¦ì0,,,¨ä¥L,,,,0.0,0,0,0,¦³,µL,4717519,5708,,0.0,0
¦µ¤l¥«,¤g¦a,¥­©M¬q241~270¦a¸¹,88.47,¦í,,,10302,¤g¦a2«Øª«0¨®¦ì0,,,¨ä¥L,,,,0.0,0,0,0,¦³,µL,6978165,78876,,0.0,0
¦µ¤l¥«,¤g¦a,¥­©M¬q241~270¦a¸¹,79.53,¦í,,,10302,¤g¦a1«Øª«0¨®¦ì0,,,¨ä¥L,,,,0.0,0,0,0,¦³,µL,6235035,78399,,0.0,0
¥¬³UÂí,¤g¦a,¹L·¾·s¬q961~990¦a¸¹,85.53,,¤@¯ë¹A·~°Ï,¹Aªª¥Î¦a,10211,¤g¦a1«Øª«0¨®¦ì0,,,¨ä¥L,,,,0.0,0,0,0,¦³,µL,87500,1023,,0.0,0
¦µ¤l¥«,©Ð¦a(¤g¦a+«Øª«),¹Å¸q¿¤¦µ¤l¥«¤p?t·}¤­¸ô280«Ñ1~30¸¹,40.08,¦í,,,10304,¤g¦a1«Øª«2¨®¦ì0,¤@¼h,008,©±­±(©±¾Q),°Ó·~¥Î,¿ûµ¬²V¾®¤g³y,0950828,160.37,1,1,1,¦³,¦³,3400000,21201,,0.0,0
¦µ¤l¥«,©Ð¦a(¤g¦a+«Øª«),¹Å¸q¿¤¦µ¤l¥«¤¯©M¤G¸ô133«Ñ1~30¸¹,21.13,¦í,,,10304,¤g¦a1«Øª«1¨®¦ì0,¤@¼h,008,©±­±(©±¾Q),°Ó·~¥Î,¿ûµ¬²V¾®¤g³y,0950828,87.24,1,1,1,¦³,¦³,1880000,21550,,0.0,0
¥Á¶¯¶m,©Ð¦a(¤g¦a+«Øª«),¹Å¸q¿¤¥Á¶¯¶mª÷¿³§øªø¦wµó1~30¸¹,67.31,¦í,,,10304,¤g¦a2«Øª«1¨®¦ì0,¥þ,002,³z¤Ñ­í,¦í®a¥Î,¿ûµ¬²V¾®¤g¥[±j¿j³y,0701015,98.81,3,1,3,¦³,µL,1280000,12954,,0.0,0
¥Á¶¯¶m,¤g¦a,ºÖ¿³¬q661~690¦a¸¹,689.42,,¶m§ø°Ï,¤AºØ«Ø¿v¥Î¦a,10304,¤g¦a1«Øª«0¨®¦ì0,,,¨ä¥L,,,,0.0,0,0,0,¦³,µL,7800000,11314,,0.0,0
¥Á¶¯¶m,¤g¦a,ªL¤l§À¬q­««Ø¤p¬q241~270¦a¸¹,1500.0,,¤@¯ë¹A·~°Ï,¹Aªª¥Î¦a,10304,¤g¦a1«Øª«0¨®¦ì0,,,¨ä¥L,,,,0.0,0,0,0,¦³,µL,4800000,3200,,0.0,0
¤jªLÂí,¤g¦a,´ò¤l¬q601~630¦a¸¹,4144.0,,¯S©w¹A·~°Ï,¹Aªª¥Î¦a,10304,¤g¦a2«Øª«0¨®¦ì0,,,¨ä¥L,,,,0.0,0,0,0,¦³,µL,3729600,900,,0.0,0
¥Á¶¯¶m,¤g¦a,¤û¸Y·Ë¬q871~900¦a¸¹,2740.0,,¯S©w¹A·~°Ï,¹Aªª¥Î¦a,10304,¤g¦a1«Øª«0¨®¦ì0,,,¨ä¥L,,,,0.0,0,0,0,¦³,µL,3500000,1277,,0.0,0
¤Ó«O¥«,¤g¦a,¥ÕÂF­í¬q¥ÕÂF­í¤p¬q601~630¦a¸¹,2080.0,,¯S©w¹A·~°Ï,¹Aªª¥Î¦a,10304,¤g¦a1«Øª«0¨®¦ì0,,,¨ä¥L,,,,0.0,0,0,0,¦³,µL,2650000,1274,,0.0,0
¤jªLÂí,©Ð¦a(¤g¦a+«Øª«),¹Å¸q¿¤¤jªLÂí¥­ªL¨½¥Á¥Í¸ô511~540¸¹,119.9,¦í,,,10304,¤g¦a1«Øª«1¨®¦ì0,¥þ,003,³z¤Ñ­í,¨£¨ä¥Lµn°O¨Æ¶µ,¿ûµ¬²V¾®¤g³y,1030224,211.41,4,2,4,¦³,µL,10500000,49667,,0.0,0
¤¤®H¶m,¤g¦a,¥Õ¨~®H¬q61~90¦a¸¹,1000.0,,¤s©Y¦a«O¨|°Ï,¹Aªª¥Î¦a,10304,¤g¦a1«Øª«0¨®¦ì0,,,¨ä¥L,,,,0.0,0,0,0,¦³,µL,70000,70,,0.0,0
¤ô¤W¶m,¤g¦a,¤T¬É®H¬q181~210¦a¸¹,115.5,,¶m§ø°Ï,¤AºØ«Ø¿v¥Î¦a,10304,¤g¦a2«Øª«0¨®¦ì0,,,¨ä¥L,,,,0.0,0,0,0,¦³,µL,850000,7359,,0.0,0
³À¯ó¶m,¤g¦a,³À¯ó¬q811~840¦a¸¹,19.75,¨ä¥L,,,10305,¤g¦a2«Øª«0¨®¦ì0,,,¨ä¥L,,,,0.0,0,0,0,¦³,µL,90000,4557,,0.0,0
¤Ó«O¥«,¤g¦a,«á¼æ¬q¤UÉÜ¤p¬q361~390¦a¸¹,3182.0,,¯S©w¹A·~°Ï,¹Aªª¥Î¦a,10305,¤g¦a1«Øª«0¨®¦ì0,,,¨ä¥L,,,,0.0,0,0,0,¦³,µL,5170000,1625,,0.0,0
¤jªLÂí,©Ð¦a(¤g¦a+«Øª«),¹Å¸q¿¤¤jªLÂí¥­ªL¨½17¾F²ø·q¸ô176«Ñ1~30¸¹,24.1,¦í,,,10303,¤g¦a2«Øª«4¨®¦ì0,¤­¼h,005,¤½´J(5¼Ó§t¥H¤UµL¹q±è),°ê¥Á¦í¦v,¿ûµ¬²V¾®¤g³y,0720312,77.11,3,1,2,¦³,µL,1350000,17507,,0.0,0
¤jªLÂí,©Ð¦a(¤g¦a+«Øª«),¹Å¸q¿¤¤jªLÂí¥­ªL¨½17¾F²ø·q¸ô176«Ñ1~30¸¹,24.1,¦í,,,10303,¤g¦a2«Øª«4¨®¦ì0,¤­¼h,005,¤½´J(5¼Ó§t¥H¤UµL¹q±è),°ê¥Á¦í¦v,¿ûµ¬²V¾®¤g³y,0720312,77.11,3,1,2,¦³,µL,1350000,17507,,0.0,0
¦Ë±T¶m,©Ð¦a(¤g¦a+«Øª«),¹Å¸q¿¤¦Ë±T¶m©M¥­§ø2¾F1~30¸¹,2025.0,,¤@¯ë¹A·~°Ï,¹Aªª¥Î¦a,10303,¤g¦a1«Øª«1¨®¦ì0,¤@¼h¡A¤G¼h,002,¹AªÙ,¹AªÙ,¤ì³y,0811014,181.72,6,3,5,¦³,µL,2840000,,,0.0,0
¦Ë±T¶m,¤g¦a,µf¤l¼æ¬q61~90¦a¸¹,4399.0,,¤s©Y¦a«O¨|°Ï,¹Aªª¥Î¦a,10304,¤g¦a1«Øª«0¨®¦ì0,,,¨ä¥L,,,,0.0,0,0,0,¦³,µL,3200000,727,,0.0,0
¥¬³UÂí,¤g¦a,¹L·¾·s¬q331~360¦a¸¹,3189.01,,¤@¯ë¹A·~°Ï,¾i´Þ¥Î¦a,10304,¤g¦a2«Øª«0¨®¦ì0,,,¨ä¥L,,,,0.0,0,0,0,¦³,µL,1020483,320,,0.0,0
¥¬³UÂí,¤g¦a,¹L·¾·s¬q331~360¦a¸¹,2498.81,,¤@¯ë¹A·~°Ï,¾i´Þ¥Î¦a,10304,¤g¦a3«Øª«0¨®¦ì0,,,¨ä¥L,,,,0.0,0,0,0,¦³,µL,799619,320,,0.0,0
µf¸ô¶m,¤g¦a,¤½¥Ð¬q61~90¦a¸¹,39882.0,,´ËªL°Ï,¹Aªª¥Î¦a,10304,¤g¦a5«Øª«0¨®¦ì0,,,¨ä¥L,,,,0.0,0,0,0,¦³,µL,28000000,702,,0.0,0
¥¬³UÂí,©Ð¦a(¤g¦a+«Øª«),¹Å¸q¿¤¥¬³UÂí®ü¹Bµó151~180¸¹,101.9,¦í,,,10304,¤g¦a1«Øª«1¨®¦ì0,¥þ,003,³z¤Ñ­í,¦í°Ó¥Î,¿ûµ¬²V¾®¤g³y,0800418,124.09,4,2,3,¦³,µL,1700000,13700,,0.0,0
¤Ó«O¥«,¤g¦a,°ñ¶m¬q211~240¦a¸¹,2481.44,¨ä¥L,,,10301,¤g¦a3«Øª«0¨®¦ì0,,,¨ä¥L,,,,0.0,0,0,0,¦³,µL,8900000,3587,,0.0,0
³À¯ó¶m,©Ð¦a(¤g¦a+«Øª«),¹Å¸q¿¤³À¯ó¶m¦è¤«§ø³À¯ó601~630¸¹,99.23,¦í,,,10211,¤g¦a1«Øª«1¨®¦ì0,¥þ,004,³z¤Ñ­í,¨£¨ä¥Lµn°O¨Æ¶µ,¿ûµ¬²V¾®¤g³y,1020408,182.45,2,1,3,¦³,µL,6300000,34530,,0.0,0
¤¤®H¶m,¤g¦a,Às¤sŽñ¬q61~90¦a¸¹,216.89,,¶m§ø°Ï,¤AºØ«Ø¿v¥Î¦a,10304,¤g¦a1«Øª«0¨®¦ì0,,,¨ä¥L,,,,0.0,0,0,0,¦³,µL,498837,2300,,0.0,0
¤ô¤W¶m,©Ð¦a(¤g¦a+«Øª«),¹Å¸q¿¤¤ô¤W¶m¬hªL§ø¬h¤lªL31~60¸¹,97.56,,¤@¯ë¹A·~°Ï,¥ÒºØ«Ø¿v¥Î¦a,10304,¤g¦a2«Øª«1¨®¦ì0,¥þ,003,³z¤Ñ­í,¦í®a¥Î,¿ûµ¬²V¾®¤g³y,0950512,148.38,3,2,3,¦³,µL,4500000,30328,,0.0,0
¤Ó«O¥«,¤g¦a,±ö¤l­í¬q±ö­í¤p¬q91~120¦a¸¹,4161.0,,¯S©w¹A·~°Ï,¹Aªª¥Î¦a,10305,¤g¦a1«Øª«0¨®¦ì0,,,¨ä¥L,,,,0.0,0,0,0,¦³,µL,8300000,1995,,0.0,0
¤Ó«O¥«,©Ð¦a(¤g¦a+«Øª«),¹Å¸q¿¤¤Ó«OÉ]¹L·¾¨½³Â¤Ó¸ô77«Ñ1~30¸¹,88.36,¦í,,,10303,¤g¦a3«Øª«1¨®¦ì0,¥þ,003,³z¤Ñ­í,¨£¨ä¥Lµn°O¨Æ¶µ,¿ûµ¬²V¾®¤g³y,0940719,158.1,3,3,3,¦³,µL,3800000,24035,,0.0,0
¥Á¶¯¶m,¤g¦a,¦è¦w¬q361~390¦a¸¹,90.07,¦í,,,10304,¤g¦a1«Øª«0¨®¦ì0,,,¨ä¥L,,,,0.0,0,0,0,¦³,µL,1500000,16654,,0.0,0
¥Á¶¯¶m,©Ð¦a(¤g¦a+«Øª«),¹Å¸q¿¤¥Á¶¯¶mºÖ¼Ö§ø27¾F«Ø°ê¸ô¤T¬q124«Ñ8§Ë61~90¸¹,100.95,¦í,,,10303,¤g¦a2«Øª«1¨®¦ì0,¥þ,002,³z¤Ñ­í,¦í°Ó¥Î,¿ûµ¬²V¾®¤g¥[±j¿j³y,0680924,109.14,3,1,2,¦³,µL,2000000,18325,,0.0,0
¤Ó«O¥«,¤g¦a,®H¤ß¬q®H¤ß¤p¬q601~630¦a¸¹,3050.0,,¯S©w¹A·~°Ï,¹Aªª¥Î¦a,10304,¤g¦a1«Øª«0¨®¦ì0,,,¨ä¥L,,,,0.0,0,0,0,¦³,µL,3900000,1279,,0.0,0
¥Á¶¯¶m,©Ð¦a(¤g¦a+«Øª«),¹Å¸q¿¤¥Á¶¯¶mÂí¥_§ø4¾Fªê§À¼d¸ô1~30¸¹,734.75,,¯S©w¹A·~°Ï,¤BºØ«Ø¿v¥Î¦a,10304,¤g¦a2«Øª«1¨®¦ì0,¤@¼h,001,¼t¿ì,¨£¨ä¥Lµn°O¨Æ¶µ,¨£¨ä¥Lµn°O¨Æ¶µ,0730615,452.07,0,0,0,µL,µL,3200000,7079,,0.0,0
¤jªLÂí,©Ð¦a(¤g¦a+«Øª«),¹Å¸q¿¤¤jªLÂí¤¤§|¨½18¾F¨F±[¸ô301~330¸¹,98.0,,¤@¯ë¹A·~°Ï,¤þºØ«Ø¿v¥Î¦a,10304,¤g¦a1«Øª«1¨®¦ì0,¥þ,002,³z¤Ñ­í,¦í°Ó¥Î,¿ûµ¬²V¾®¤g¥[±j¿j³y,0761019,108.87,2,2,2,¦³,µL,1600000,14696,,0.0,0
·s´ä¶m,¤g¦a,ªOÀY­í¬q181~210¦a¸¹,142.0,,,,10304,¤g¦a1«Øª«0¨®¦ì0,,,¨ä¥L,,,,0.0,0,0,0,¦³,µL,500000,3521,,0.0,0
·s´ä¶m,¤g¦a,¤¤¤u¬q61~90¦a¸¹,277.82,,¤u·~°Ï,¤BºØ«Ø¿v¥Î¦a,10304,¤g¦a1«Øª«0¨®¦ì0,,,¨ä¥L,,,,0.0,0,0,0,¦³,µL,3192000,11489,,0.0,0
·s´ä¶m,¤g¦a,¼æ¤láY¬q¼æ¤j¤p¬q871~900¦a¸¹,5535.0,,¯S©w¹A·~°Ï,¹Aªª¥Î¦a,10304,¤g¦a2«Øª«0¨®¦ì0,,,¨ä¥L,,,,0.0,0,0,0,¦³,µL,6752700,1220,,0.0,0
¤»¸}¶m,¤g¦a,¦Ë¤l¸}¬q781~810¦a¸¹,9540.78,,¤@¯ë¹A·~°Ï,¹Aªª¥Î¦a,10304,¤g¦a3«Øª«0¨®¦ì0,,,¨ä¥L,,,,0.0,0,0,0,¦³,µL,4007127,420,,0.0,0
¦µ¤l¥«,©Ð¦a(¤g¦a+«Øª«),¹Å¸q¿¤¦µ¤l¥«¤¯©M¤G¸ô121~150¸¹,5.87,¦í,,,10305,¤g¦a1«Øª«1¨®¦ì0,¥|¼h,008,®M©Ð(1©Ð1ÆU1½Ã),¦í®a¥Î,¿ûµ¬²V¾®¤g³y,0950828,25.04,1,1,1,¦³,¦³,390000,15575,,0.0,0
¤»¸}¶m,¤g¦a,¦Ë¤l¸}¬q¦Ë¹Å¤p¬q1501~1530¦a¸¹,996.0,,¯S©w¹A·~°Ï,¹Aªª¥Î¦a,10303,¤g¦a1«Øª«0¨®¦ì0,,,¨ä¥L,,,,0.0,0,0,0,¦³,µL,3000000,3012,,0.0,0
¦µ¤l¥«,¤g¦a,¥Ã©M¬q331~360¦a¸¹,920.82,¹A,,,10211,¤g¦a3«Øª«0¨®¦ì0,,,¨ä¥L,,,,0.0,0,0,0,¦³,µL,1600000,1738,,0.0,0
¤»¸}¶m,¤g¦a,¼æ¤láY¬q301~330¦a¸¹,87.05,,¶m§ø°Ï,¤AºØ«Ø¿v¥Î¦a,10304,¤g¦a1«Øª«0¨®¦ì0,,,¨ä¥L,,,,0.0,0,0,0,¦³,µL,235000,2700,,0.0,0
¸q¦Ë¶m,¤g¦a,¦w·Ë¼d¬q¥­·Ë¤p¬q661~690¦a¸¹,1492.5,,¯S©w¹A·~°Ï,¹Aªª¥Î¦a,10304,¤g¦a1«Øª«0¨®¦ì0,,,¨ä¥L,,,,0.0,0,0,0,¦³,µL,820875,550,,0.0,0
·s´ä¶m,¤g¦a,°ñ¤lÀY¬q°ñ¤l¤p¬q61~90¦a¸¹,1681.0,,¯S©w¹A·~°Ï,¹Aªª¥Î¦a,10304,¤g¦a1«Øª«0¨®¦ì0,,,¨ä¥L,,,,0.0,0,0,0,¦³,µL,940000,559,,0.0,0
¥Á¶¯¶m,©Ð¦a(¤g¦a+«Øª«),¹Å¸q¿¤¥Á¶¯¶m¤å¶©§ø17¾F«Ø°ê¸ô¤G¬q211~240¸¹,68.74,¦í,,,10304,¤g¦a1«Øª«1¨®¦ì0,¥þ,003,³z¤Ñ­í,¦í®a¥Î,¿ûµ¬²V¾®¤g¥[±j¿j³y,0690715,167.85,7,0,7,¦³,µL,3300000,19660,,0.0,0
¥Á¶¯¶m,©Ð¦a(¤g¦a+«Øª«),¹Å¸q¿¤¥Á¶¯¶m¤å¶©§ø17¾F«Ø°ê¸ô¤G¬q211~240¸¹,74.78,¦í,,,10304,¤g¦a1«Øª«1¨®¦ì0,¥þ,003,³z¤Ñ­í,¦í®a¥Î,¿ûµ¬²V¾®¤g¥[±j¿j³y,0690715,167.85,7,0,7,¦³,µL,3300000,19660,,0.0,0
¥Á¶¯¶m,¤g¦a,¤j±T¸}¬q31~60¦a¸¹,305.0,,¯S©w¹A·~°Ï,¹Aªª¥Î¦a,10304,¤g¦a2«Øª«0¨®¦ì0,,,¨ä¥L,,,,0.0,0,0,0,¦³,µL,1500000,4918,,0.0,0
¥¬³UÂí,¤g¦a,ªF§Â¬q781~810¦a¸¹,186.23,,¶m§ø°Ï,¤AºØ«Ø¿v¥Î¦a,10305,¤g¦a2«Øª«0¨®¦ì0,,,¨ä¥L,,,,0.0,0,0,0,¦³,µL,1126691,6050,,0.0,0
¥¬³UÂí,¤g¦a,ªF§Â¬q781~810¦a¸¹,105.25,,¶m§ø°Ï,¤AºØ«Ø¿v¥Î¦a,10305,¤g¦a1«Øª«0¨®¦ì0,,,¨ä¥L,,,,0.0,0,0,0,¦³,µL,500000,4751,,0.0,0
¤»¸}¶m,¤g¦a,¤»¤æ§À¬q¤»¤æ¤p¬q691~720¦a¸¹,232.34,,¯S©w¹A·~°Ï,¹Aªª¥Î¦a,10305,¤g¦a1«Øª«0¨®¦ì0,,,¨ä¥L,,,,0.0,0,0,0,¦³,µL,600000,2582,,0.0,0
·Ë¤f¶m,¤g¦a,´å­í¬q1231~1260¦a¸¹,1289.0,,¯S©w¹A·~°Ï,¹Aªª¥Î¦a,10304,¤g¦a1«Øª«0¨®¦ì0,,,¨ä¥L,,,,0.0,0,0,0,¦³,µL,1417900,1100,,0.0,0
¥Á¶¯¶m,¤g¦a,¸­¤l¼d¬q31~60¦a¸¹,181.79,,¶m§ø°Ï,¤AºØ«Ø¿v¥Î¦a,10304,¤g¦a7«Øª«0¨®¦ì0,,,¨ä¥L,,,,0.0,0,0,0,¦³,µL,541080,2976,,0.0,0
¤¤®H¶m,©Ð¦a(¤g¦a+«Øª«),¹Å¸q¿¤¤¤®H¶m©M¬ü§ø¥Ã¼Ö·s§ø241~270¸¹,89.86,¦í,,,10304,¤g¦a1«Øª«1¨®¦ì0,¥þ,003,³z¤Ñ­í,¨£¨ä¥Lµn°O¨Æ¶µ,¿ûµ¬²V¾®¤g³y,0760906,136.14,5,2,3,¦³,µL,4600000,33789,,0.0,0
¦µ¤l¥«,©Ð¦a(¤g¦a+«Øª«),¹Å¸q¿¤¦µ¤l¥«¦N²»¤Cµó121~150¸¹,195.79,¦í,,,10304,¤g¦a3«Øª«1¨®¦ì0,¥þ,005,³z¤Ñ­í,¨£¨ä¥Lµn°O¨Æ¶µ,¿ûµ¬²V¾®¤g³y,0970131,502.2,19,0,19,¦³,µL,13500000,26882,,0.0,0
¤»¸}¶m,¤g¦a,Âù²[¬qÂù²[¤p¬q211~240¦a¸¹,1733.0,,¯S©w¹A·~°Ï,¹Aªª¥Î¦a,10305,¤g¦a1«Øª«0¨®¦ì0,,,¨ä¥L,,,,0.0,0,0,0,¦³,µL,1178440,680,,0.0,0
¤»¸}¶m,¤g¦a,ªL¤º¬q¥jªL¤p¬q331~360¦a¸¹,1731.0,,¯S©w¹A·~°Ï,¹Aªª¥Î¦a,10304,¤g¦a1«Øª«0¨®¦ì0,,,¨ä¥L,,,,0.0,0,0,0,¦³,µL,978600,565,,0.0,0
¦µ¤l¥«,©Ð¦a(¤g¦a+«Øª«),¹Å¸q¿¤¦µ¤l¥«²»©M¤T¸ô¦è¬q91~120¸¹,126.09,¦í,,,10304,¤g¦a1«Øª«1¨®¦ì0,¥þ,004,³z¤Ñ­í,¦í°Ó¥Î,¿ûµ¬²V¾®¤g³y,0930625,242.69,7,1,6,¦³,µL,9000000,37084,,0.0,0
¥Á¶¯¶m,¤g¦a,¤­½\¤ý¬q211~240¦a¸¹,209.79,°Ó,,,10303,¤g¦a1«Øª«0¨®¦ì0,,,¨ä¥L,,,,0.0,0,0,0,¦³,µL,2550000,12155,,0.0,0
¥Á¶¯¶m,¤g¦a,¥Á¤u¬q421~450¦a¸¹,109.0,¦í,,,10304,¤g¦a1«Øª«0¨®¦ì0,,,¨ä¥L,,,,0.0,0,0,0,¦³,µL,1460600,13400,,0.0,0
¥Á¶¯¶m,©Ð¦a(¤g¦a+«Øª«),¹Å¸q¿¤¥Á¶¯¶mª÷¿³§ø17¾F¶°ºÖµó20«Ñ1~30¸¹,113.84,¦í,,,10304,¤g¦a2«Øª«1¨®¦ì0,¥þ,002,³z¤Ñ­í,¦í®a¥Î,¿ûµ¬²V¾®¤g¥[±j¿j³y,0701229,111.71,6,2,2,¦³,µL,3150000,28198,,0.0,0
¤¤®H¶m,©Ð¦a(¤g¦a+«Øª«),¹Å¸q¿¤¤¤®H¶m¤¤¤s·s§ø31~60¸¹,78.93,¦í,,,10304,¤g¦a1«Øª«1¨®¦ì0,¥þ,002,³z¤Ñ­í,¦í®a¥Î,¿ûµ¬²V¾®¤g¥[±j¿j³y,0700602,56.6,3,1,1,¦³,µL,2000000,35336,,0.0,0
¤¤®H¶m,¤g¦a,¤T¼h±T¬q91~120¦a¸¹,9145.0,,¤s©Y¦a«O¨|°Ï,¹Aªª¥Î¦a,10304,¤g¦a1«Øª«0¨®¦ì0,,,¨ä¥L,,,,0.0,0,0,0,¦³,µL,1800000,197,,0.0,0
¦Ë±T¶m,¤g¦a,¼Ì¾ð©W¬q961~990¦a¸¹,723.75,,¤s©Y¦a«O¨|°Ï,¹Aªª¥Î¦a,10305,¤g¦a1«Øª«0¨®¦ì0,,,¨ä¥L,,,,0.0,0,0,0,¦³,µL,340000,470,,0.0,0
¤ô¤W¶m,¤g¦a,«n¹t¬q«n©M¤p¬q1621~1650¦a¸¹,2871.0,,¯S©w¹A·~°Ï,¹Aªª¥Î¦a,10305,¤g¦a1«Øª«0¨®¦ì0,,,¨ä¥L,,,,0.0,0,0,0,¦³,µL,2505000,873,,0.0,0
¤ô¤W¶m,¤g¦a,¤ôªF¬q631~660¦a¸¹,171.77,¦í,,,10305,¤g¦a2«Øª«0¨®¦ì0,,,¨ä¥L,,,,0.0,0,0,0,¦³,µL,4041695,23530,,0.0,0
¤ô¤W¶m,¤g¦a,¤Q¤@«ü­í¬q151~180¦a¸¹,60.67,,¶m§ø°Ï,¥æ³q¥Î¦a,10304,¤g¦a2«Øª«0¨®¦ì0,,,¨ä¥L,,,,0.0,0,0,0,¦³,µL,457500,7541,,0.0,0
µf¸ô¶m,©Ð¦a(¤g¦a+«Øª«),¹Å¸q¿¤µf¸ô¶m¦¿¦è§ø6¾F¥­?1~30¸¹,5.92,¦í,,,10305,¤g¦a2«Øª«1¨®¦ì0,¥|¼h,018,®M©Ð(1©Ð1ÆU1½Ã),¦í®a¥Î,¿ûµ¬²V¾®¤g³y,0820401,48.26,1,1,1,¦³,¦³,1200000,24865,,0.0,0
¤jªLÂí,¤g¦a,·s¿³¬q211~240¦a¸¹,58.14,¦í,,,10304,¤g¦a1«Øª«0¨®¦ì0,,,¨ä¥L,,,,0.0,0,0,0,¦³,µL,1500000,25800,,0.0,0
¤»¸}¶m,¤g¦a,ªL¤º¬q¥jªL¤p¬q331~360¦a¸¹,3104.0,,¯S©w¹A·~°Ï,¹Aªª¥Î¦a,10304,¤g¦a1«Øª«0¨®¦ì0,,,¨ä¥L,,,,0.0,0,0,0,¦³,µL,1862400,600,,0.0,0
±ö¤s¶m,¤g¦a,¤j¯ó®H¬q331~360¦a¸¹,4333.0,,¤s©Y¦a«O¨|°Ï,¹Aªª¥Î¦a,10304,¤g¦a3«Øª«0¨®¦ì0,,,¨ä¥L,,,,0.0,0,0,0,¦³,µL,893000,206,,0.0,0
±ö¤s¶m,¤g¦a,Às²´ªL¬q481~510¦a¸¹,1000.0,,¤s©Y¦a«O¨|°Ï,ªL·~¥Î¦a,10305,¤g¦a1«Øª«0¨®¦ì0,,,¨ä¥L,,,,0.0,0,0,0,¦³,µL,72000,72,,0.0,0
¤ô¤W¶m,©Ð¦a(¤g¦a+«Øª«),¹Å¸q¿¤¤ô¤W¶m¬h¶m§ø15¾F¬h¤lªL331~360¸¹,62.57,,¯S©w¹A·~°Ï,¥ÒºØ«Ø¿v¥Î¦a,10304,¤g¦a1«Øª«1¨®¦ì0,¥þ,002,³z¤Ñ­í,¦í®a¥Î,¿ûµ¬²V¾®¤g¥[±j¿j³y,0660510,84.84,3,2,2,¦³,µL,1000000,11787,,0.0,0
¤ô¤W¶m,¤g¦a,¤ôªF¬q451~480¦a¸¹,208.67,¦í,,,10305,¤g¦a1«Øª«0¨®¦ì0,,,¨ä¥L,,,,0.0,0,0,0,¦³,µL,3156000,15124,,0.0,0
¤ô¤W¶m,¤g¦a,¸q¿³¬q1381~1410¦a¸¹,2884.5,,¯S©w¹A·~°Ï,¹Aªª¥Î¦a,10304,¤g¦a1«Øª«0¨®¦ì0,,,¨ä¥L,,,,0.0,0,0,0,¦³,µL,3500000,1213,,0.0,0
¤Ó«O¥«,¤g¦a,²»©M¬q901~930¦a¸¹,109.93,¦í,,,10304,¤g¦a2«Øª«0¨®¦ì0,¤@¼h¡A¤G¼h¡A¤T¼h¡A¥|¼h,004,¨ä¥L,¦í®a¥Î,¿ûµ¬²V¾®¤g³y,0830408,184.32,0,0,0,¦³,µL,5000000,45483,,0.0,0
¤¤®H¶m,©Ð¦a(¤g¦a+«Øª«),¹Å¸q¿¤¤¤®H¶m©M¬ü§ø21¾F¥Ã¼Ö·s§ø511~540¸¹,110.0,¹A,,,10303,¤g¦a2«Øª«1¨®¦ì0,¥þ,002,³z¤Ñ­í,¦í®a¥Î,¿ûµ¬²V¾®¤g¥[±j¿j³y,0711231,104.92,3,2,3,¦³,µL,5300000,50515,,0.0,0
·s´ä¶m,©Ð¦a(¤g¦a+«Øª«),¹Å¸q¿¤·s´ä¶m¥j¥Á§ø¤¤¥¿¸ô274«Ñ1~30¸¹,148.54,¦í,,,10304,¤g¦a1«Øª«1¨®¦ì0,¥þ,003,³z¤Ñ­í,¨£¨ä¥Lµn°O¨Æ¶µ,¿ûµ¬²V¾®¤g³y,1020704,175.21,4,3,4,¦³,µL,6280000,35843,,0.0,0
¥Á¶¯¶m,©Ð¦a(¤g¦a+«Øª«),¹Å¸q¿¤¥Á¶¯¶m¤j±T§ø13¾F¤Q¥|¥Ò¸ô181~210¸¹,96.79,,¤@¯ë¹A·~°Ï,¥ÒºØ«Ø¿v¥Î¦a,10304,¤g¦a1«Øª«1¨®¦ì0,¥þ,002,³z¤Ñ­í,¦í®a¥Î,¿ûµ¬²V¾®¤g¥[±j¿j³y,0701214,115.4,2,1,1,¦³,µL,950000,8232,,0.0,0
¥Á¶¯¶m,©Ð¦a(¤g¦a+«Øª«),¹Å¸q¿¤¥Á¶¯¶m¥_¤æ§ø·s¥¿¤»µó1~30¸¹,78.0,,¶m§ø°Ï,¤AºØ«Ø¿v¥Î¦a,10304,¤g¦a1«Øª«1¨®¦ì0,¥þ,003,³z¤Ñ­í,¦í®a¥Î,¿ûµ¬²V¾®¤g³y,0910114,125.47,4,1,3,¦³,µL,3200000,25504,,0.0,0
¥Á¶¯¶m,¤g¦a,¦è¦w¬q421~450¦a¸¹,361.18,¦í,,,10304,¤g¦a3«Øª«0¨®¦ì0,,,¨ä¥L,,,,0.0,0,0,0,¦³,µL,10000000,27687,,0.0,0
¥Á¶¯¶m,¤g¦a,Âù´©¬q241~270¦a¸¹,422.0,,¯S©w¹A·~°Ï,¥ÒºØ«Ø¿v¥Î¦a,10305,¤g¦a1«Øª«0¨®¦ì0,,,¨ä¥L,,,,0.0,0,0,0,¦³,µL,2560000,6066,,0.0,0
¥Á¶¯¶m,¤g¦a,¦Ë¤lŽñ¬q181~210¦a¸¹,326.38,,¯S©w¹A·~°Ï,¹Aªª¥Î¦a,10304,¤g¦a4«Øª«0¨®¦ì0,,,¨ä¥L,,,,0.0,0,0,0,¦³,µL,359014,1100,,0.0,0
¥Á¶¯¶m,¤g¦a,¤û¤æ¤s¬q661~690¦a¸¹,2775.0,,¤@¯ë¹A·~°Ï,¹Aªª¥Î¦a,10305,¤g¦a1«Øª«0¨®¦ì0,,,¨ä¥L,,,,0.0,0,0,0,¦³,µL,2145000,773,,0.0,0
¥Á¶¯¶m,©Ð¦a(¤g¦a+«Øª«),¹Å¸q¿¤¥Á¶¯¶mªFºa§ø11¾F¤¤¼Ö¸ô1~30¸¹,126.0,°Ó,,,10304,¤g¦a1«Øª«1¨®¦ì0,¤@¼h¡A¤G¼h,002,©±­±(©±¾Q),¦í°Ó¥Î,¿ûµ¬²V¾®¤g¥[±j¿j³y,0570205,165.56,3,2,2,¦³,µL,12600000,76105,,0.0,0
ªF¥Û¶m,¤g¦a,·s´x¼æ¬q751~780¦a¸¹,8680.76,,¤@¯ë¹A·~°Ï,¾i´Þ¥Î¦a,10302,¤g¦a53«Øª«0¨®¦ì0,,,¨ä¥L,,,,0.0,0,0,0,¦³,µL,4400000,507,,0.0,0
·s´ä¶m,¤g¦a,´ä¦è¬q991~1020¦a¸¹,98.0,¦í,,,10304,¤g¦a1«Øª«0¨®¦ì0,,,¨ä¥L,,,,0.0,0,0,0,¦³,µL,2519825,25713,,0.0,0
¥Á¶¯¶m,©Ð¦a(¤g¦a+«Øª«),¹Å¸q¿¤¥Á¶¯¶mªFºa§ø24¾F¤å¤Æ¸ô1~30¸¹,12.24,¦í,,,10304,¤g¦a1«Øª«1¨®¦ì0,¤K¼h,011,¦í¦v¤j¼Ó(11¼h§t¥H¤W¦³¹q±è),¨£¨ä¥Lµn°O¨Æ¶µ,¿ûµ¬²V¾®¤g³y,0851220,67.45,2,1,1,¦³,µL,1060000,15715,,0.0,0
¥Á¶¯¶m,©Ð¦a(¤g¦a+«Øª«),¹Å¸q¿¤¥Á¶¯¶mª÷¿³§ø´f¦wµó53«Ñ1~30¸¹,90.42,¦í,,,10305,¤g¦a1«Øª«1¨®¦ì0,¥þ,002,³z¤Ñ­í,¦í®a¥Î,¿ûµ¬²V¾®¤g¥[±j¿j³y,0711215,93.51,3,1,3,¦³,µL,1350000,14437,,0.0,0
¥¬³UÂí,¤g¦a,·ËáY¬q·ËáY¤p¬q31~60¦a¸¹,5460.0,,¤@¯ë¹A·~°Ï,¹Aªª¥Î¦a,10304,¤g¦a2«Øª«0¨®¦ì0,,,¨ä¥L,,,,0.0,0,0,0,¦³,µL,3166800,580,,0.0,0
¥¬³UÂí,¤g¦a,¹L·¾·s¬q991~1020¦a¸¹,404.74,,¤@¯ë¹A·~°Ï,¹Aªª¥Î¦a,10211,¤g¦a1«Øª«0¨®¦ì0,,,¨ä¥L,,,,0.0,0,0,0,¦³,µL,161896,400,,0.0,0
¥¬³UÂí,¤g¦a,¹L·¾·s¬q1291~1320¦a¸¹,4445.41,,¤@¯ë¹A·~°Ï,¥ÒºØ«Ø¿v¥Î¦a,10301,¤g¦a1«Øª«0¨®¦ì0,,,¨ä¥L,,,,0.0,0,0,0,¦³,µL,13800000,3104,,0.0,0
¥Á¶¯¶m,©Ð¦a(¤g¦a+«Øª«),¹Å¸q¿¤¥Á¶¯¶mºÖÅv§ø11¾FºÖÅv¸ô1~30¸¹,226.0,,¯S©w¹A·~°Ï,¥ÒºØ«Ø¿v¥Î¦a,10304,¤g¦a1«Øª«1¨®¦ì0,¥þ,003,³z¤Ñ­í,¦í®a¥Î,¿ûµ¬²V¾®¤g³y,0801212,242.44,5,3,5,¦³,µL,5500000,22686,,0.0,0
¥Á¶¯¶m,©Ð¦a(¤g¦a+«Øª«),¹Å¸q¿¤¥Á¶¯¶mª÷¿³§ø¶°ºÖµó25«Ñ1~30¸¹,80.97,¦í,,,10305,¤g¦a2«Øª«1¨®¦ì0,¥þ,002,³z¤Ñ­í,¦í®a¥Î,¿ûµ¬²V¾®¤g¥[±j¿j³y,0700212,89.96,3,2,2,¦³,µL,1300000,14451,,0.0,0
¥Á¶¯¶m,©Ð¦a(¤g¦a+«Øª«),¹Å¸q¿¤¥Á¶¯¶m¦è¦w§ø21¾F¦w©M¸ô91~120¸¹,15.51,¦í,,,10304,¤g¦a1«Øª«1¨®¦ì0,¤E¼h,011,¦í¦v¤j¼Ó(11¼h§t¥H¤W¦³¹q±è),¦í®a¥Î,¿ûµ¬²V¾®¤g³y,0831111,84.31,3,1,2,¦³,µL,2100000,24908,,0.0,0
¤Ó«O¥«,©Ð¦a(¤g¦a+«Øª«),¹Å¸q¿¤¤Ó«OÉ]¹L·¾¨½¥_´ä¸ô¤G¬q429«Ñ180§Ë1~30¸¹,100.62,¦í,,,10304,¤g¦a2«Øª«1¨®¦ì0,¥þ,003,³z¤Ñ­í,¨£¨ä¥Lµn°O¨Æ¶µ,¿ûµ¬²V¾®¤g³y,1020909,175.11,4,3,4,¦³,µL,4650000,26555,,0.0,0
¤Ó«O¥«,©Ð¦a(¤g¦a+«Øª«),¹Å¸q¿¤¤Ó«OÉ]¹L·¾¨½¥_´ä¸ô¤G¬q429«Ñ180§Ë1~30¸¹,100.62,¨ä¥L,,,10304,¤g¦a2«Øª«1¨®¦ì0,¥þ,003,³z¤Ñ­í,¨£¨ä¥Lµn°O¨Æ¶µ,¿ûµ¬²V¾®¤g³y,1020909,175.11,4,3,4,¦³,µL,4750000,27126,,0.0,0
¤Ó«O¥«,©Ð¦a(¤g¦a+«Øª«),¹Å¸q¿¤¤Ó«OÉ]¦w¤¯¨½¹Å¦µªF¸ô¤@¬q1~30¸¹,101.48,¦í,,,10304,¤g¦a1«Øª«1¨®¦ì0,¤@¼h¡A¤G¼h¡A¤T¼h¡A¥|¼h,004,©±­±(©±¾Q),¦í°Ó¥Î,¿ûµ¬²V¾®¤g³y,0840902,227.4,4,2,6,¦³,µL,7200000,31662,,0.0,0
¤¤®H¶m,©Ð¦a(¤g¦a+«Øª«),¹Å¸q¿¤¤¤®H¶m©M¿³§ø21¾F¤¤µØ¸ô655«Ñ10§Ë31~60¸¹,66.97,¦í,,,10304,¤g¦a2«Øª«1¨®¦ì0,¥þ,002,³z¤Ñ­í,¦í®a¥Î,¿ûµ¬²V¾®¤g¥[±j¿j³y,0670710,86.84,3,3,2,¦³,µL,1500000,17273,,0.0,0
¤ô¤W¶m,¤g¦a,¸q¿³¬q301~330¦a¸¹,225.7,,¶m§ø°Ï,¤AºØ«Ø¿v¥Î¦a,10305,¤g¦a3«Øª«0¨®¦ì0,,,¨ä¥L,,,,0.0,0,0,0,¦³,µL,1550000,6868,,0.0,0
¤ô¤W¶m,©Ð¦a(¤g¦a+«Øª«),¹Å¸q¿¤¤ô¤W¶m¤ô¤W§ø¥«¬Fµó93«Ñ1~30¸¹,90.4,¦í,,,10208,¤g¦a1«Øª«1¨®¦ì0,¥þ,003,³z¤Ñ­í,¨£¨ä¥Lµn°O¨Æ¶µ,¿ûµ¬²V¾®¤g³y,1030116,179.55,4,2,4,¦³,µL,6600000,36759,,0.0,0
¤¤®H¶m,¤g¦a,¤T¼h±T¬q1~30¦a¸¹,2575.0,,¤s©Y¦a«O¨|°Ï,¹Aªª¥Î¦a,10303,¤g¦a2«Øª«0¨®¦ì0,,,¨ä¥L,,,,0.0,0,0,0,¦³,µL,167375,65,,0.0,0
±ö¤s¶m,¤g¦a,¥Í¤ò¾ð¬q1111~1140¦a¸¹,3223.0,,­·´º°Ï,ªL·~¥Î¦a,10305,¤g¦a1«Øª«0¨®¦ì0,,,¨ä¥L,,,,0.0,0,0,0,¦³,µL,1450000,450,,0.0,0
µf¸ô¶m,¤g¦a,ñF¤l¸}¬q151~180¦a¸¹,2496.0,,¤s©Y¦a«O¨|°Ï,ªL·~¥Î¦a,10304,¤g¦a1«Øª«0¨®¦ì0,,,¨ä¥L,,,,0.0,0,0,0,¦³,µL,2180000,873,,0.0,0
·Ë¤f¶m,¤g¦a,±[§À¬q¬üªF¤p¬q391~420¦a¸¹,4161.0,,¯S©w¹A·~°Ï,¹Aªª¥Î¦a,10305,¤g¦a1«Øª«0¨®¦ì0,,,¨ä¥L,,,,0.0,0,0,0,¦³,µL,4993200,1200,,0.0,0
³À¯ó¶m,¤g¦a,³»¼æ¬q³»¼æ¤p¬q691~720¦a¸¹,2235.0,,¯S©w¹A·~°Ï,¹Aªª¥Î¦a,10304,¤g¦a1«Øª«0¨®¦ì0,,,¨ä¥L,,,,0.0,0,0,0,¦³,µL,3600000,1611,,0.0,0
¦Ë±T¶m,©Ð¦a(¤g¦a+«Øª«),¹Å¸q¿¤¦Ë±T¶mÆW¾ô§ø15¾F¥Û³Â¶é61~90¸¹,74.75,,¶m§ø°Ï,¤AºØ«Ø¿v¥Î¦a,10304,¤g¦a1«Øª«1¨®¦ì0,¥þ,001,³z¤Ñ­í,¦í®a¥Î,¿ûµ¬²V¾®¤g¥[±j¿j³y,0710517,55.38,2,1,1,¦³,µL,1500000,27086,,0.0,0
µf¸ô¶m,©Ð¦a(¤g¦a+«Øª«),¹Å¸q¿¤µf¸ô¶m¦¿¦è§ø6¾F¥­?1~30¸¹,4.74,¦í,,,10303,¤g¦a1«Øª«1¨®¦ì0,¤»¼h,018,¦í¦v¤j¼Ó(11¼h§t¥H¤W¦³¹q±è),¦í®a¥Î,¿ûµ¬²V¾®¤g³y,0820401,33.9,1,1,1,¦³,µL,720000,21239,,0.0,0
